country,iso2,ci_gco2_kwh,ci_year,fossil_share,fossil_year,decarb_rate_per_yr,decarb_note,water_stress_0_1,water_stress_note,wue_best_l_kwh,wue_best_basis,wue_disclosed_l_kwh,wue_disclosed_scope,wue_disclosed_operator,wue_disclosed_year,wue_disclosed_url,wue_climate_l_kwh,wetbulb_c,wue_climate_note,pm25_ugm3,exceptions
United States of America,US,383.8,2024,0.5812,2024,0.03,"CI 2015 504.95 -> 2024 383.81 gCO2/kWh; compound annual decline over 9 yrs, derived by us.",0.521,,0.08,disclosed (regional fleet (AWS North America)),0.08,regional fleet (AWS North America),AWS,2025,https://sustainability.aboutamazon.com/aws-sustainability-fact-sheets/aws-fact-sheet-georgia.pdf,1.18,5.93,"ERA5 1991-2020 area-weighted monthly T 9.6 C / RH 64% (annual means) -> mean of monthly Stull Tw. Tw 5.9 C is below the formula's stated 45 F (7.2 C) lower limit; WUE clamped to the value at 45 F (unclamped extrapolation would be 1.192, which is a fitting artifact: the quadratic rises again below ~9.3 C). In climates this cold, real facilities largely use free/air-side cooling, so actual on-site WUE is likely far lower. Very large/climatically diverse country: area-weighted national mean is dominated by sparsely populated regions and may not reflect where data centers sit.",7.0,
Canada,CA,185.3,2024,0.2231,2024,-0.0006,"CI 2015 184.46 -> 2024 185.41 gCO2/kWh; compound annual decline over 9 yrs, derived by us.",0.247,,0.06,disclosed (region (AWS Canada Central)),0.06,region (AWS Canada Central),AWS,2025,https://sustainability.aboutamazon.com/aws-sustainability-fact-sheets/aws-fact-sheet-canada.pdf,1.18,-5.68,"ERA5 1991-2020 area-weighted monthly T -3.8 C / RH 75% (annual means) -> mean of monthly Stull Tw. Tw -5.7 C is below the formula's stated 45 F (7.2 C) lower limit; WUE clamped to the value at 45 F (unclamped extrapolation would be 1.544, which is a fitting artifact: the quadratic rises again below ~9.3 C). In climates this cold, real facilities largely use free/air-side cooling, so actual on-site WUE is likely far lower. Very large/climatically diverse country: area-weighted national mean is dominated by sparsely populated regions and may not reflect where data centers sit.",6.6,
Mexico,MX,483.1,2024,0.7542,2024,0.011,"CI 2015 533.9 -> 2024 483.14 gCO2/kWh; compound annual decline over 9 yrs, derived by us.",0.799,,0.056,disclosed (design (Microsoft Queretaro)),0.056,design (Microsoft Queretaro),Microsoft,2024,https://datacenters.microsoft.com/wp-content/uploads/2024/08/Mexico%20(Mexico%20Central).pdf,1.241,15.69,ERA5 1991-2020 area-weighted monthly T 20.9 C / RH 59% (annual means) -> mean of monthly Stull Tw.,16.6,
Brazil,BR,106.1,2024,0.1055,2024,0.062,"CI 2015 188.64 -> 2024 106.06 gCO2/kWh; compound annual decline over 9 yrs, derived by us.",0.208,,0.09,disclosed (region (AWS Sao Paulo)),0.09,region (AWS Sao Paulo),AWS,2025,https://sustainability.aboutamazon.com/aws-sustainability-fact-sheets/aws-fact-sheet-brazil.pdf,1.432,21.79,ERA5 1991-2020 area-weighted monthly T 25.0 C / RH 76% (annual means) -> mean of monthly Stull Tw. Very large/climatically diverse country: area-weighted national mean is dominated by sparsely populated regions and may not reflect where data centers sit.,13.4,
Argentina,AR,344.8,2024,0.5876,2024,0.0234,"CI 2015 426.56 -> 2024 344.83 gCO2/kWh; compound annual decline over 9 yrs, derived by us.",0.367,,1.174,climate formula,,,,,,1.174,10.17,ERA5 1991-2020 area-weighted monthly T 14.7 C / RH 60% (annual means) -> mean of monthly Stull Tw. Very large/climatically diverse country: area-weighted national mean is dominated by sparsely populated regions and may not reflect where data centers sit.,14.3,
Chile,CL,259.9,2024,0.2996,2024,0.0683,"CI 2015 493.26 -> 2024 260.89 gCO2/kWh; compound annual decline over 9 yrs, derived by us.",0.894,,1.18,climate formula,,,,,,1.18,5.44,"ERA5 1991-2020 area-weighted monthly T 9.0 C / RH 64% (annual means) -> mean of monthly Stull Tw. Tw 5.4 C is below the formula's stated 45 F (7.2 C) lower limit; WUE clamped to the value at 45 F (unclamped extrapolation would be 1.198, which is a fitting artifact: the quadratic rises again below ~9.3 C). In climates this cold, real facilities largely use free/air-side cooling, so actual on-site WUE is likely far lower. Very large/climatically diverse country: area-weighted national mean is dominated by sparsely populated regions and may not reflect where data centers sit.",23.1,
Colombia,CO,298.3,2024,0.3866,2024,-0.0089,"CI 2015 275.36 -> 2024 298.3 gCO2/kWh; compound annual decline over 9 yrs, derived by us.",0.099,,1.432,climate formula,,,,,,1.432,21.8,ERA5 1991-2020 area-weighted monthly T 23.9 C / RH 84% (annual means) -> mean of monthly Stull Tw.,18.4,
Peru,PE,258.7,2024,0.3989,2024,0.0184,"CI 2015 305.78 -> 2024 258.73 gCO2/kWh; compound annual decline over 9 yrs, derived by us.",0.749,,1.254,climate formula,,,,,,1.254,16.28,ERA5 1991-2020 area-weighted monthly T 18.8 C / RH 79% (annual means) -> mean of monthly Stull Tw.,31.1,
Venezuela,VE,85.9,2024,0.0886,2024,0.1357,"CI 2015 318.93 -> 2024 85.86 gCO2/kWh; compound annual decline over 9 yrs, derived by us.",0.364,,1.466,climate formula,,,,,,1.466,22.58,ERA5 1991-2020 area-weighted monthly T 25.5 C / RH 79% (annual means) -> mean of monthly Stull Tw.,19.2,
United Kingdom,GB,216.5,2024,0.3507,2024,0.0654,"CI 2015 397.79 -> 2024 216.5 gCO2/kWh; compound annual decline over 9 yrs, derived by us.",0.26,,0.14,disclosed (region (AWS London)),0.14,region (AWS London),AWS,2025,https://sustainability.aboutamazon.com/aws-sustainability-fact-sheets/aws-fact-sheet-united-kingdom.pdf,1.178,7.57,ERA5 1991-2020 area-weighted monthly T 9.5 C / RH 82% (annual means) -> mean of monthly Stull Tw.,9.5,
Ireland,IE,270.9,2024,0.5347,2024,0.0524,"CI 2015 439.79 -> 2024 270.91 gCO2/kWh; compound annual decline over 9 yrs, derived by us.",0.073,,0.02,disclosed (region (AWS Ireland)),0.02,region (AWS Ireland),AWS,2025,https://sustainability.aboutamazon.com/aws-sustainability-fact-sheets/aws-fact-sheet-ireland.pdf,1.176,8.09,ERA5 1991-2020 area-weighted monthly T 9.9 C / RH 83% (annual means) -> mean of monthly Stull Tw.,7.5,
France,FR,40.5,2024,0.051,2024,0.0413,"CI 2015 59.18 -> 2024 40.49 gCO2/kWh; compound annual decline over 9 yrs, derived by us.",0.383,,1.174,climate formula,,,,,,1.174,8.83,ERA5 1991-2020 area-weighted monthly T 11.4 C / RH 76% (annual means) -> mean of monthly Stull Tw.,8.2,
Germany,DE,336.4,2024,0.4136,2024,0.0436,"CI 2015 503.59 -> 2024 337.12 gCO2/kWh; compound annual decline over 9 yrs, derived by us.",0.408,,0.17,disclosed (region (AWS Frankfurt)),0.17,region (AWS Frankfurt),AWS,2025,https://sustainability.aboutamazon.com/aws-sustainability-fact-sheets/aws-fact-sheet-germany.pdf,1.18,7.02,"ERA5 1991-2020 area-weighted monthly T 9.4 C / RH 78% (annual means) -> mean of monthly Stull Tw. Tw 7.0 C is below the formula's stated 45 F (7.2 C) lower limit; WUE clamped to the value at 45 F (unclamped extrapolation would be 1.182, which is a fitting artifact: the quadratic rises again below ~9.3 C). In climates this cold, real facilities largely use free/air-side cooling, so actual on-site WUE is likely far lower.",8.8,
Netherlands,NL,250.7,2024,0.4635,2024,0.0839,"CI 2015 551.43 -> 2024 250.72 gCO2/kWh; compound annual decline over 9 yrs, derived by us.",0.316,,0.08,"disclosed (region (Microsoft West Europe, Amsterdam area))",0.08,"region (Microsoft West Europe, Amsterdam area)",Microsoft,2022,https://datacenters.microsoft.com/wp-content/uploads/2024/08/Netherlands%20(West%20Europe).pdf,1.175,8.35,ERA5 1991-2020 area-weighted monthly T 10.5 C / RH 80% (annual means) -> mean of monthly Stull Tw.,8.6,
Belgium,BE,127.0,2024,0.2372,2024,0.0569,"CI 2015 215.55 -> 2024 127.28 gCO2/kWh; compound annual decline over 9 yrs, derived by us.",0.882,,1.175,climate formula,,,,,,1.175,8.11,ERA5 1991-2020 area-weighted monthly T 10.3 C / RH 80% (annual means) -> mean of monthly Stull Tw.,8.4,
Spain,ES,146.2,2024,0.2326,2024,0.086,"CI 2015 328.5 -> 2024 146.22 gCO2/kWh; compound annual decline over 9 yrs, derived by us.",0.788,,0.12,disclosed (region (AWS Aragon)),0.12,region (AWS Aragon),AWS,2025,https://sustainability.aboutamazon.com/aws-sustainability-fact-sheets/aws-fact-sheet-spain.pdf,1.175,10.22,ERA5 1991-2020 area-weighted monthly T 14.2 C / RH 66% (annual means) -> mean of monthly Stull Tw.,10.1,
Portugal,PT,110.6,2024,0.1481,2024,0.1364,"CI 2015 413.96 -> 2024 110.64 gCO2/kWh; compound annual decline over 9 yrs, derived by us.",0.652,,1.184,climate formula,,,,,,1.184,11.81,ERA5 1991-2020 area-weighted monthly T 15.3 C / RH 70% (annual means) -> mean of monthly Stull Tw.,8.8,
Italy,IT,281.4,2024,0.4983,2024,0.038,"CI 2015 398.68 -> 2024 281.43 gCO2/kWh; compound annual decline over 9 yrs, derived by us.",0.669,,0.023,disclosed (design (Microsoft Milan)),0.023,design (Microsoft Milan),Microsoft,2024,https://datacenters.microsoft.com/wp-content/uploads/2024/08/Italy%20(Italy%20North).pdf,1.174,10.02,ERA5 1991-2020 area-weighted monthly T 13.1 C / RH 72% (annual means) -> mean of monthly Stull Tw.,14.3,
Switzerland,CH,34.6,2024,0.019,2024,0.0031,"CI 2015 35.57 -> 2024 34.58 gCO2/kWh; compound annual decline over 9 yrs, derived by us.",0.081,,0.05,disclosed (regional fleet (AWS Europe)),0.05,regional fleet (AWS Europe),AWS,2025,https://sustainability.aboutamazon.com/aws-sustainability-fact-sheets/aws-fact-sheet-switzerland.pdf,1.18,3.34,"ERA5 1991-2020 area-weighted monthly T 5.5 C / RH 77% (annual means) -> mean of monthly Stull Tw. Tw 3.3 C is below the formula's stated 45 F (7.2 C) lower limit; WUE clamped to the value at 45 F (unclamped extrapolation would be 1.232, which is a fitting artifact: the quadratic rises again below ~9.3 C). In climates this cold, real facilities largely use free/air-side cooling, so actual on-site WUE is likely far lower.",8.3,
Austria,AT,103.5,2024,0.1378,2024,0.0549,"CI 2015 172.06 -> 2024 103.48 gCO2/kWh; compound annual decline over 9 yrs, derived by us.",0.052,,0.023,disclosed (design),0.023,design,Microsoft,2024,https://datacenters.microsoft.com/wp-content/uploads/2024/08/Austria%20(Austria%20East).pdf,1.18,4.65,"ERA5 1991-2020 area-weighted monthly T 6.9 C / RH 77% (annual means) -> mean of monthly Stull Tw. Tw 4.6 C is below the formula's stated 45 F (7.2 C) lower limit; WUE clamped to the value at 45 F (unclamped extrapolation would be 1.209, which is a fitting artifact: the quadratic rises again below ~9.3 C). In climates this cold, real facilities largely use free/air-side cooling, so actual on-site WUE is likely far lower.",10.0,
Poland,PL,608.2,2024,0.6885,2024,0.0334,"CI 2015 826.11 -> 2024 608.36 gCO2/kWh; compound annual decline over 9 yrs, derived by us.",0.332,,0.023,disclosed (design),0.023,design,Microsoft,2024,https://datacenters.microsoft.com/wp-content/uploads/2024/08/Poland%20(Poland%20Central).pdf,1.18,6.38,"ERA5 1991-2020 area-weighted monthly T 8.7 C / RH 77% (annual means) -> mean of monthly Stull Tw. Tw 6.4 C is below the formula's stated 45 F (7.2 C) lower limit; WUE clamped to the value at 45 F (unclamped extrapolation would be 1.187, which is a fitting artifact: the quadratic rises again below ~9.3 C). In climates this cold, real facilities largely use free/air-side cooling, so actual on-site WUE is likely far lower.",16.5,
Czechia,CZ,414.2,2024,0.4232,2024,0.0316,"CI 2015 553.16 -> 2024 414.23 gCO2/kWh; compound annual decline over 9 yrs, derived by us.",0.367,,1.18,climate formula,,,,,,1.18,6.14,"ERA5 1991-2020 area-weighted monthly T 8.6 C / RH 77% (annual means) -> mean of monthly Stull Tw. Tw 6.1 C is below the formula's stated 45 F (7.2 C) lower limit; WUE clamped to the value at 45 F (unclamped extrapolation would be 1.190, which is a fitting artifact: the quadratic rises again below ~9.3 C). In climates this cold, real facilities largely use free/air-side cooling, so actual on-site WUE is likely far lower.",12.7,
Sweden,SE,34.9,2024,0.012,2024,0.0173,"CI 2015 40.86 -> 2024 34.91 gCO2/kWh; compound annual decline over 9 yrs, derived by us.",0.156,,0.02,disclosed (region (AWS Stockholm)),0.02,region (AWS Stockholm),AWS,2025,https://sustainability.aboutamazon.com/aws-sustainability-fact-sheets/aws-fact-sheet-sweden.pdf,1.18,1.79,"ERA5 1991-2020 area-weighted monthly T 3.8 C / RH 79% (annual means) -> mean of monthly Stull Tw. Tw 1.8 C is below the formula's stated 45 F (7.2 C) lower limit; WUE clamped to the value at 45 F (unclamped extrapolation would be 1.266, which is a fitting artifact: the quadratic rises again below ~9.3 C). In climates this cold, real facilities largely use free/air-side cooling, so actual on-site WUE is likely far lower.",5.3,
Norway,NO,29.7,2024,0.014,2024,0.0139,"CI 2015 33.64 -> 2024 29.66 gCO2/kWh; compound annual decline over 9 yrs, derived by us.",0.038,,1.18,climate formula,,,,,,1.18,0.72,"ERA5 1991-2020 area-weighted monthly T 2.6 C / RH 79% (annual means) -> mean of monthly Stull Tw. Tw 0.7 C is below the formula's stated 45 F (7.2 C) lower limit; WUE clamped to the value at 45 F (unclamped extrapolation would be 1.295, which is a fitting artifact: the quadratic rises again below ~9.3 C). In climates this cold, real facilities largely use free/air-side cooling, so actual on-site WUE is likely far lower.",5.5,
Finland,FI,66.6,2024,0.0465,2024,0.1055,"CI 2015 182.04 -> 2024 66.75 gCO2/kWh; compound annual decline over 9 yrs, derived by us.",0.162,,0.01,disclosed (design),0.01,design,Microsoft,2024,https://datacenters.microsoft.com/wp-content/uploads/2024/08/Finland%20(Finland%20Central).pdf,1.18,1.04,"ERA5 1991-2020 area-weighted monthly T 2.9 C / RH 80% (annual means) -> mean of monthly Stull Tw. Tw 1.0 C is below the formula's stated 45 F (7.2 C) lower limit; WUE clamped to the value at 45 F (unclamped extrapolation would be 1.286, which is a fitting artifact: the quadratic rises again below ~9.3 C). In climates this cold, real facilities largely use free/air-side cooling, so actual on-site WUE is likely far lower.",4.6,
Denmark,DK,131.8,2024,0.1075,2024,0.0918,"CI 2015 313.76 -> 2024 131.92 gCO2/kWh; compound annual decline over 9 yrs, derived by us.",0.19,,0.51,"disclosed (site (Meta Odense), derived)",0.51,"site (Meta Odense), derived",Meta,2024,https://sustainability.atmeta.com/wp-content/uploads/2025/10/Meta_2025-Environmental-Data-Index.pdf,1.18,6.97,"ERA5 1991-2020 area-weighted monthly T 8.9 C / RH 81% (annual means) -> mean of monthly Stull Tw. Tw 7.0 C is below the formula's stated 45 F (7.2 C) lower limit; WUE clamped to the value at 45 F (unclamped extrapolation would be 1.182, which is a fitting artifact: the quadratic rises again below ~9.3 C). In climates this cold, real facilities largely use free/air-side cooling, so actual on-site WUE is likely far lower.",7.5,
Iceland,IS,27.8,2024,0.0,2024,-0.0013,"CI 2015 27.49 -> 2024 27.82 gCO2/kWh; compound annual decline over 9 yrs, derived by us.",0.0,,1.18,climate formula,,,,,,1.18,0.29,"ERA5 1991-2020 area-weighted monthly T 1.9 C / RH 82% (annual means) -> mean of monthly Stull Tw. Tw 0.3 C is below the formula's stated 45 F (7.2 C) lower limit; WUE clamped to the value at 45 F (unclamped extrapolation would be 1.307, which is a fitting artifact: the quadratic rises again below ~9.3 C). In climates this cold, real facilities largely use free/air-side cooling, so actual on-site WUE is likely far lower.",4.9,
Greece,GR,321.6,2024,0.5077,2024,0.0675,"CI 2015 603.53 -> 2024 321.83 gCO2/kWh; compound annual decline over 9 yrs, derived by us.",0.868,,0.102,disclosed (design),0.102,design,Microsoft,2024,https://datacenters.microsoft.com/wp-content/uploads/2024/08/Greece%20(Greece%20Central).pdf,1.18,11.35,ERA5 1991-2020 area-weighted monthly T 14.9 C / RH 70% (annual means) -> mean of monthly Stull Tw.,14.1,
Romania,RO,251.3,2024,0.328,2024,0.0383,"CI 2015 369.02 -> 2024 259.67 gCO2/kWh; compound annual decline over 9 yrs, derived by us.",0.238,,1.18,climate formula,,,,,,1.18,7.26,ERA5 1991-2020 area-weighted monthly T 10.0 C / RH 74% (annual means) -> mean of monthly Stull Tw.,16.0,
Ukraine,UA,250.5,2022,0.2783,2022,0.0579,"CI 2015 380.13 -> 2022 250.47 gCO2/kWh; compound annual decline over 7 yrs, derived by us.",0.275,,1.18,climate formula,,,,,,1.18,6.32,"ERA5 1991-2020 area-weighted monthly T 9.2 C / RH 73% (annual means) -> mean of monthly Stull Tw. Tw 6.3 C is below the formula's stated 45 F (7.2 C) lower limit; WUE clamped to the value at 45 F (unclamped extrapolation would be 1.188, which is a fitting artifact: the quadratic rises again below ~9.3 C). In climates this cold, real facilities largely use free/air-side cooling, so actual on-site WUE is likely far lower.",14.9,ci: Ember via Our World in Data (latest available year; no 2023/2024 data published for Ukraine) (2022)
Russia,RU,446.0,2024,0.6406,2024,-0.0004,"CI 2015 444.35 -> 2024 446.11 gCO2/kWh; compound annual decline over 9 yrs, derived by us.",0.234,,1.18,climate formula,,,,,,1.18,-5.5,"ERA5 1991-2020 area-weighted monthly T -3.5 C / RH 74% (annual means) -> mean of monthly Stull Tw. Tw -5.5 C is below the formula's stated 45 F (7.2 C) lower limit; WUE clamped to the value at 45 F (unclamped extrapolation would be 1.536, which is a fitting artifact: the quadratic rises again below ~9.3 C). In climates this cold, real facilities largely use free/air-side cooling, so actual on-site WUE is likely far lower. Very large/climatically diverse country: area-weighted national mean is dominated by sparsely populated regions and may not reflect where data centers sit.",11.6,
Turkey,TR,469.7,2024,0.5438,2024,0.0077,"CI 2015 504.91 -> 2024 470.83 gCO2/kWh; compound annual decline over 9 yrs, derived by us.",0.677,,1.178,climate formula,,,,,,1.178,7.55,ERA5 1991-2020 area-weighted monthly T 11.6 C / RH 63% (annual means) -> mean of monthly Stull Tw.,26.4,
Kazakhstan,KZ,802.0,2024,0.8479,2024,0.0046,"CI 2015 836.12 -> 2024 801.87 gCO2/kWh; compound annual decline over 9 yrs, derived by us.",0.502,,1.18,climate formula,,,,,,1.18,2.78,"ERA5 1991-2020 area-weighted monthly T 7.0 C / RH 61% (annual means) -> mean of monthly Stull Tw. Tw 2.8 C is below the formula's stated 45 F (7.2 C) lower limit; WUE clamped to the value at 45 F (unclamped extrapolation would be 1.243, which is a fitting artifact: the quadratic rises again below ~9.3 C). In climates this cold, real facilities largely use free/air-side cooling, so actual on-site WUE is likely far lower. Very large/climatically diverse country: area-weighted national mean is dominated by sparsely populated regions and may not reflect where data centers sit.",19.6,
China,CN,555.4,2024,0.6183,2024,0.0201,"CI 2015 667.95 -> 2024 556.27 gCO2/kWh; compound annual decline over 9 yrs, derived by us.",0.56,,1.66,disclosed (operator fleet (China)),1.66,operator fleet (China),GDS Holdings,2024,https://investors.gds-services.com/,1.18,3.51,"ERA5 1991-2020 area-weighted monthly T 7.2 C / RH 60% (annual means) -> mean of monthly Stull Tw. Tw 3.5 C is below the formula's stated 45 F (7.2 C) lower limit; WUE clamped to the value at 45 F (unclamped extrapolation would be 1.229, which is a fitting artifact: the quadratic rises again below ~9.3 C). In climates this cold, real facilities largely use free/air-side cooling, so actual on-site WUE is likely far lower. Very large/climatically diverse country: area-weighted national mean is dominated by sparsely populated regions and may not reflect where data centers sit.",32.0,
India,IN,705.4,2024,0.775,2024,0.0067,"CI 2015 750.85 -> 2024 706.67 gCO2/kWh; compound annual decline over 9 yrs, derived by us.",0.822,,1.336,climate formula (operator stated zero cooling water),0.0,region (AWS Mumbai + Hyderabad),AWS,2025,https://sustainability.aboutamazon.com/aws-sustainability-fact-sheets/aws-fact-sheet-india.pdf,1.336,19.21,ERA5 1991-2020 area-weighted monthly T 24.2 C / RH 63% (annual means) -> mean of monthly Stull Tw. Very large/climatically diverse country: area-weighted national mean is dominated by sparsely populated regions and may not reflect where data centers sit.,54.1,
Japan,JP,483.4,2024,0.6872,2024,0.0196,"CI 2015 578.14 -> 2024 483.58 gCO2/kWh; compound annual decline over 9 yrs, derived by us.",0.394,,1.22,disclosed (region (AWS Tokyo)),1.22,region (AWS Tokyo),AWS,2025,https://sustainability.aboutamazon.com/aws-sustainability-fact-sheets/aws-fact-sheet-japan.pdf,1.173,9.32,ERA5 1991-2020 area-weighted monthly T 12.0 C / RH 74% (annual means) -> mean of monthly Stull Tw.,11.5,
South Korea,KR,415.5,2024,0.6011,2024,0.0176,"CI 2015 487.64 -> 2024 415.62 gCO2/kWh; compound annual decline over 9 yrs, derived by us.",0.476,,1.1,disclosed (regional fleet (AWS Asia Pacific)),1.1,regional fleet (AWS Asia Pacific),AWS,2025,https://sustainability.aboutamazon.com/aws-sustainability-fact-sheets/aws-fact-sheet-south-korea.pdf,1.173,9.23,ERA5 1991-2020 area-weighted monthly T 12.5 C / RH 68% (annual means) -> mean of monthly Stull Tw.,21.9,
Taiwan,TW,635.2,2024,0.8487,2024,0.0025,"CI 2015 650.5 -> 2024 636.23 gCO2/kWh; compound annual decline over 9 yrs, derived by us.",0.474,"Not in Aqueduct 4.0; estimated: National ratio of withdrawals to renewable supply from Taiwan's Water Resources Agency (WRA), converted with Aqueduct's own scoring curve: raw = 16.37 / 63.37 = 0.258 (total water use / available runoff, 2013-2022 average); Aqueduct score = log2(raw/0.1)+1 = 2.37 (clamped 0-5; formula checked against Aqueduct 4.0 rows, e.g. raw 0.4268 -> 3.093); value = 2.37/5 = 0.474 (Aqueduct category 'Medium-high, 20-40%').",1.0,disclosed (design (Microsoft Taiwan North)),1.0,design (Microsoft Taiwan North),Microsoft,2025,https://web.archive.org/web/20250117223934id_/https://datacenters.microsoft.com/globe/pdfs/sustainability/factsheets/Taiwan%20(Taiwan%20North).pdf,1.299,18.0,ERA5 1991-2020 area-weighted monthly T 20.3 C / RH 81% (annual means) -> mean of monthly Stull Tw.,12.8,"aq: Taiwan Ministry of Environment national annual average PM2.5 (station monitoring), as reported by Taipei Times 2026-03-26; ministry reports 12.8 for both 2024 and 2025. IQAir reported 17.5 (2024) and 13.3 (2025). Not directly comparable to the GBD population-weighted modelled values used for other countries. (2024) | ws: Taiwan is not included in WRI Aqueduct 4.0 country or province rankings (2023)"
Mongolia,MN,810.7,2024,0.9115,2024,0.0066,"CI 2015 867.51 -> 2024 817.46 gCO2/kWh; compound annual decline over 9 yrs, derived by us.",0.626,,1.18,climate formula,,,,,,1.18,-2.43,"ERA5 1991-2020 area-weighted monthly T 1.4 C / RH 52% (annual means) -> mean of monthly Stull Tw. Tw -2.4 C is below the formula's stated 45 F (7.2 C) lower limit; WUE clamped to the value at 45 F (unclamped extrapolation would be 1.401, which is a fitting artifact: the quadratic rises again below ~9.3 C). In climates this cold, real facilities largely use free/air-side cooling, so actual on-site WUE is likely far lower. Very large/climatically diverse country: area-weighted national mean is dominated by sparsely populated regions and may not reflect where data centers sit.",42.7,
Vietnam,VN,484.3,2024,0.5771,2024,-0.0001,"CI 2015 486.51 -> 2024 486.99 gCO2/kWh; compound annual decline over 9 yrs, derived by us.",0.423,,1.416,climate formula,,,,,,1.416,21.41,ERA5 1991-2020 area-weighted monthly T 23.9 C / RH 81% (annual means) -> mean of monthly Stull Tw.,24.8,
Thailand,TH,554.7,2024,0.8516,2024,0.0082,"CI 2015 598.04 -> 2024 555.38 gCO2/kWh; compound annual decline over 9 yrs, derived by us.",0.725,,1.482,climate formula (operator stated zero cooling water),0.0,region (AWS Bangkok),AWS,2025,https://sustainability.aboutamazon.com/aws-sustainability-fact-sheets/aws-fact-sheet-thailand.pdf,1.482,22.94,ERA5 1991-2020 area-weighted monthly T 26.4 C / RH 75% (annual means) -> mean of monthly Stull Tw.,23.5,
Malaysia,MY,600.4,2024,0.7963,2024,0.0117,"CI 2015 669.18 -> 2024 601.71 gCO2/kWh; compound annual decline over 9 yrs, derived by us.",0.207,,1.1,disclosed (regional fleet (AWS Asia Pacific)),1.1,regional fleet (AWS Asia Pacific),AWS,2025,https://sustainability.aboutamazon.com/aws-sustainability-fact-sheets/aws-fact-sheet-malaysia.pdf,1.508,23.51,ERA5 1991-2020 area-weighted monthly T 25.5 C / RH 85% (annual means) -> mean of monthly Stull Tw.,15.9,
Indonesia,ID,680.2,2024,0.8191,2024,0.0025,"CI 2015 696.65 -> 2024 681.11 gCO2/kWh; compound annual decline over 9 yrs, derived by us.",0.534,,2.85,disclosed (region (AWS Jakarta)),2.85,region (AWS Jakarta),AWS,2025,https://sustainability.aboutamazon.com/aws-sustainability-fact-sheets/aws-fact-sheet-indonesia.pdf,1.491,23.14,ERA5 1991-2020 area-weighted monthly T 25.2 C / RH 85% (annual means) -> mean of monthly Stull Tw. Very large/climatically diverse country: area-weighted national mean is dominated by sparsely populated regions and may not reflect where data centers sit.,20.8,
Philippines,PH,621.7,2024,0.7953,2024,-0.016,"CI 2015 545.75 -> 2024 629.46 gCO2/kWh; compound annual decline over 9 yrs, derived by us.",0.405,,1.517,climate formula,,,,,,1.517,23.69,ERA5 1991-2020 area-weighted monthly T 25.9 C / RH 84% (annual means) -> mean of monthly Stull Tw.,22.2,
Singapore,SG,498.7,2024,0.9507,2024,0.0018,"CI 2015 506.96 -> 2024 498.74 gCO2/kWh; compound annual decline over 9 yrs, derived by us.",1.0,"Not in Aqueduct 4.0; estimated: WRI Aqueduct 2.1 country score of 5.00 (the maximum, 'extremely high') for Singapore -> 5/5 = 1.0. Supported by national data: demand ~440 mgd vs an import entitlement of up to 250 mgd from the Johor River (~57% of demand), i.e. withdrawals far exceed internal natural supply, which corresponds to Aqueduct raw >0.8 -> score 5.",1.57,disclosed (region (AWS Singapore)),1.57,region (AWS Singapore),AWS,2025,https://sustainability.aboutamazon.com/aws-sustainability-fact-sheets/aws-fact-sheet-singapore.pdf,1.567,24.71,ERA5 1991-2020 area-weighted monthly T 27.0 C / RH 83% (annual means) -> mean of monthly Stull Tw.,15.1,ws: Aqueduct 4.0 reports 'NoData' (-9999) for Singapore baseline water stress (2023)
Bangladesh,BD,695.7,2024,0.9811,2024,-0.0033,"CI 2015 675.83 -> 2024 695.89 gCO2/kWh; compound annual decline over 9 yrs, derived by us.",0.532,,1.459,climate formula,,,,,,1.459,22.43,ERA5 1991-2020 area-weighted monthly T 25.3 C / RH 78% (annual means) -> mean of monthly Stull Tw.,69.3,
Pakistan,PK,373.7,2024,0.4321,2024,0.0276,"CI 2015 431.78 -> 2024 335.65 gCO2/kWh; compound annual decline over 9 yrs, derived by us.",0.758,,1.212,climate formula,,,,,,1.212,14.13,ERA5 1991-2020 area-weighted monthly T 20.6 C / RH 50% (annual means) -> mean of monthly Stull Tw.,58.4,
Saudi Arabia,SA,692.0,2024,0.9784,2024,0.0002,"CI 2015 693.08 -> 2024 691.95 gCO2/kWh; compound annual decline over 9 yrs, derived by us.",0.996,,1.225,climate formula,,,,,,1.225,14.89,ERA5 1991-2020 area-weighted monthly T 26.0 C / RH 31% (annual means) -> mean of monthly Stull Tw. Very large/climatically diverse country: area-weighted national mean is dominated by sparsely populated regions and may not reflect where data centers sit.,73.5,
United Arab Emirates,AE,467.5,2024,0.6827,2024,0.04,"CI 2015 675.22 -> 2024 467.51 gCO2/kWh; compound annual decline over 9 yrs, derived by us.",1.0,,1.356,climate formula,,,,,,1.356,19.81,ERA5 1991-2020 area-weighted monthly T 28.0 C / RH 47% (annual means) -> mean of monthly Stull Tw.,57.2,
Iran,IR,648.7,2024,0.9282,2024,0.0004,"CI 2015 650.84 -> 2024 648.68 gCO2/kWh; compound annual decline over 9 yrs, derived by us.",0.931,,1.175,climate formula,,,,,,1.175,10.42,ERA5 1991-2020 area-weighted monthly T 18.3 C / RH 40% (annual means) -> mean of monthly Stull Tw. Very large/climatically diverse country: area-weighted national mean is dominated by sparsely populated regions and may not reflect where data centers sit.,40.2,
Iraq,IQ,683.1,2024,0.9838,2024,-0.0048,"CI 2015 654.45 -> 2024 683.1 gCO2/kWh; compound annual decline over 9 yrs, derived by us.",0.829,,1.203,climate formula,,,,,,1.203,13.56,ERA5 1991-2020 area-weighted monthly T 23.0 C / RH 39% (annual means) -> mean of monthly Stull Tw.,49.5,
Israel,IL,540.5,2024,0.8619,2024,0.0272,"CI 2015 692.67 -> 2024 540.55 gCO2/kWh; compound annual decline over 9 yrs, derived by us.",0.988,,1.227,climate formula,,,,,,1.227,15.01,ERA5 1991-2020 area-weighted monthly T 20.3 C / RH 59% (annual means) -> mean of monthly Stull Tw.,21.9,
Egypt,EG,574.5,2024,0.888,2024,0.0034,"CI 2015 592.26 -> 2024 574.5 gCO2/kWh; compound annual decline over 9 yrs, derived by us.",0.97,,1.275,climate formula,,,,,,1.275,17.12,"Published value from Shumba et al. 2025 Country_Summary.csv (WeatherAPI, Aug 2023-Aug 2024). For comparison our ERA5/CCKP+Stull method gives Tw 14.38 C -> WUE 1.216.",43.1,
Morocco,MA,594.8,2024,0.7559,2024,0.008,"CI 2015 639.92 -> 2024 595.28 gCO2/kWh; compound annual decline over 9 yrs, derived by us.",0.798,,1.221,climate formula,,,,,,1.221,14.67,"Published value from Shumba et al. 2025 Country_Summary.csv (WeatherAPI, Aug 2023-Aug 2024). For comparison our ERA5/CCKP+Stull method gives Tw 12.32 C -> WUE 1.188.",18.7,
Algeria,DZ,632.9,2024,0.9893,2024,0.0008,"CI 2015 637.42 -> 2024 632.94 gCO2/kWh; compound annual decline over 9 yrs, derived by us.",0.775,,1.212,climate formula,,,,,,1.212,14.13,"Published value from Shumba et al. 2025 Country_Summary.csv (WeatherAPI, Aug 2023-Aug 2024). For comparison our ERA5/CCKP+Stull method gives Tw 13.05 C -> WUE 1.197.",16.5,
Nigeria,NG,495.7,2024,0.75,2024,0.0073,"CI 2015 529.7 -> 2024 495.74 gCO2/kWh; compound annual decline over 9 yrs, derived by us.",0.16,,1.385,climate formula,,,,,,1.385,20.61,"Published value from Shumba et al. 2025 Country_Summary.csv (WeatherAPI, Aug 2023-Aug 2024). For comparison our ERA5/CCKP+Stull method gives Tw 20.86 C -> WUE 1.395.",65.7,
South Africa,ZA,717.4,2024,0.8433,2024,0.0107,"CI 2015 790.96 -> 2024 717.72 gCO2/kWh; compound annual decline over 9 yrs, derived by us.",0.834,,0.05,"disclosed (operator fleet (Teraco, South Africa))",0.05,"operator fleet (Teraco, South Africa)",Teraco,2024,https://www.itweb.co.za/article/teraco-releases-fourth-annual-sustainability-report/PmxVE7KEoWdqQY85,1.206,13.77,"Published value from Shumba et al. 2025 Country_Summary.csv (WeatherAPI, Aug 2023-Aug 2024). For comparison our ERA5/CCKP+Stull method gives Tw 12.30 C -> WUE 1.188.",27.7,
Kenya,KE,85.2,2024,0.0852,2024,0.0219,"CI 2015 103.98 -> 2024 85.22 gCO2/kWh; compound annual decline over 9 yrs, derived by us.",0.158,,1.251,climate formula,,,,,,1.251,16.16,"Published value from Shumba et al. 2025 Country_Summary.csv (WeatherAPI, Aug 2023-Aug 2024). For comparison our ERA5/CCKP+Stull method gives Tw 19.78 C -> WUE 1.355.",20.3,
Ethiopia,ET,23.4,2024,0.0,2024,0.003,"CI 2015 24.06 -> 2024 23.41 gCO2/kWh; compound annual decline over 9 yrs, derived by us.",0.192,,1.196,climate formula,,,,,,1.196,13.04,"Published value from Shumba et al. 2025 Country_Summary.csv (WeatherAPI, Aug 2023-Aug 2024). For comparison our ERA5/CCKP+Stull method gives Tw 17.33 C -> WUE 1.280.",23.8,
Ghana,GH,468.9,2024,0.6378,2024,-0.0268,"CI 2015 369.42 -> 2024 468.89 gCO2/kWh; compound annual decline over 9 yrs, derived by us.",0.022,,1.452,climate formula,,,,,,1.452,22.26,"Published value from Shumba et al. 2025 Country_Summary.csv (WeatherAPI, Aug 2023-Aug 2024). For comparison our ERA5/CCKP+Stull method gives Tw 23.04 C -> WUE 1.486.",28.1,
Tanzania,TZ,345.0,2024,0.6708,2024,0.0079,"CI 2015 370.6 -> 2024 345.02 gCO2/kWh; compound annual decline over 9 yrs, derived by us.",0.381,,1.282,climate formula,,,,,,1.282,17.41,"Published value from Shumba et al. 2025 Country_Summary.csv (WeatherAPI, Aug 2023-Aug 2024). For comparison our ERA5/CCKP+Stull method gives Tw 18.35 C -> WUE 1.309.",20.2,
Angola,AO,185.4,2024,0.263,2024,0.0565,"CI 2015 312.88 -> 2024 185.38 gCO2/kWh; compound annual decline over 9 yrs, derived by us.",0.226,,1.277,climate formula,,,,,,1.277,17.23,ERA5 1991-2020 area-weighted monthly T 22.2 C / RH 62% (annual means) -> mean of monthly Stull Tw.,19.9,
Australia,AU,553.8,2024,0.6492,2024,0.0302,"CI 2015 729.83 -> 2024 554.01 gCO2/kWh; compound annual decline over 9 yrs, derived by us.",0.581,,0.1,disclosed (region (AWS Sydney)),0.1,region (AWS Sydney),AWS,2025,https://sustainability.aboutamazon.com/aws-sustainability-fact-sheets/aws-fact-sheet-australia.pdf,1.232,15.25,ERA5 1991-2020 area-weighted monthly T 22.2 C / RH 48% (annual means) -> mean of monthly Stull Tw. Very large/climatically diverse country: area-weighted national mean is dominated by sparsely populated regions and may not reflect where data centers sit.,6.4,
New Zealand,NZ,112.0,2024,0.1402,2024,0.0266,"CI 2015 142.76 -> 2024 112.02 gCO2/kWh; compound annual decline over 9 yrs, derived by us.",0.01,,1.175,climate formula (operator stated zero cooling water),0.0,design (Microsoft Auckland),Microsoft,2024,https://datacenters.microsoft.com/wp-content/uploads/2024/08/New%20Zealand%20(New%20Zealand%20North).pdf,1.175,8.18,ERA5 1991-2020 area-weighted monthly T 10.3 C / RH 80% (annual means) -> mean of monthly Stull Tw.,6.9,

SOURCES,column,source,url,year,confidence
,ci_gco2_kwh,"Ember Yearly Electricity Data, via Our World in Data 'Carbon intensity of electricity generation'",https://ourworldindata.org/grapher/carbon-intensity-electricity,2024,measured
,"fossil_share, decarb_rate_per_yr","Ember Yearly Electricity Data (bulk long-format CSV); decarb = compound annual decline of CI 2015-2024, derived by us",https://ember-energy.org/data/yearly-electricity-data/,2024,measured / estimated
,water_stress_0_1,"WRI Aqueduct 4.0 Country Rankings, baseline water stress (bws), all-sector weighting (Tot); score 0-5 divided by 5. Taiwan and Singapore from national data (see water_stress_note).",https://files.wri.org/aqueduct/aqueduct-4-0-country-rankings.zip,2023,estimated
,wue_disclosed_l_kwh,"Operator disclosures: AWS 2026 regional fact sheets (2025 data), Microsoft region fact sheets (some are design values for unbuilt regions), Meta 2025 data index, Teraco, IMDA Singapore. Check wue_disclosed_scope.",,2021-2025,disclosed
,wue_climate_l_kwh,"Cooling-tower WUE from annual-mean wet-bulb: WUE_onsite [L/kWh] = max(0, 0.0005112*Tw^2 - 0.04982*Tw + 2.387), Tw = wet-bulb temperature in deg F (Tw_F = Tw_C*9/5+32); applied to the annual-mean wet-bulb temperature — Shumba, Tshekiso, Li, Fanti, Ren. 'A Water Efficiency Dataset for African Data Centers', ACM COMPASS 2025, doi:10.1145/3715335.3735483 (arXiv 2412.03716), Eq.(2); formula originates in Sen Gupta, Hossen, Li, Ren, Islam. 'A Dataset for Research on Water Sustainability', ACM e-Energy 2024, doi:10.1145/3632775.3661962 (arXiv 2405.17469), Eq.(3).. Wet-bulb: World Bank Climate Change Knowledge Portal (CCKP) country aggregates of ERA5 (0.25 deg) monthly climatology 1991-2020: near-surface air temperature (tas) and relative humidity (hurs); wet-bulb via Stull (2011) 'Wet-bulb temperature from relative humidity and air temperature', J. Appl. Meteor. Climatol. 50:2267-2269 (same wet-bulb formula used by Sen Gupta et al. 2024).. WEAK: spans only ~1.17-1.57.",https://arxiv.org/abs/2412.03716 ; https://arxiv.org/abs/2405.17469 ; data: https://huggingface.co/datasets/PengfeiLi/WaterEfficientDatasetForAfricanDataCenters,1991-2020 climatology (ERA5); Shumba et al. published values: 2023-08-23 to 2024-08-22,estimated
,wue_best_l_kwh,"Disclosed value when present and above zero, else climate formula.",,,
,pm25_ugm3,"World Bank WDI EN.ATM.PM25.MC.M3 (population-weighted mean annual PM2.5 exposure; underlying data GBD 2023 / IHME, satellite+model derived)",https://api.worldbank.org/v2/country/all/indicator/EN.ATM.PM25.MC.M3?format=json,2023,estimated
