country,subregion,code,ci_gco2_kwh,ci_year,ci_basis,fossil_share,fossil_year,decarb_rate_per_yr,decarb_note,confidence_ci,source,url,note
United States of America,Alabama,AL,352.45,2024,"lifecycle; generation-based (in-state generation, excludes imports)",0.5985,2024,0.0173,"CI 2015 412.52 -> 2024 352.45 gCO2/kWh; compound annual decline, derived by us.",estimated,"Ember US Electricity Data (state-level yearly, long format)",https://ember-energy.org/data/us-electricity-data/,
United States of America,Alaska,AK,424.19,2024,"lifecycle; generation-based (in-state generation, excludes imports)",0.7154,2024,-0.0014,"CI 2015 418.86 -> 2024 424.19 gCO2/kWh; compound annual decline, derived by us.",estimated,"Ember US Electricity Data (state-level yearly, long format)",https://ember-energy.org/data/us-electricity-data/,
United States of America,Arizona,AZ,298.63,2024,"lifecycle; generation-based (in-state generation, excludes imports)",0.5327,2024,0.0348,"CI 2015 410.62 -> 2024 298.63 gCO2/kWh; compound annual decline, derived by us.",estimated,"Ember US Electricity Data (state-level yearly, long format)",https://ember-energy.org/data/us-electricity-data/,
United States of America,Arkansas,AR,412.11,2024,"lifecycle; generation-based (in-state generation, excludes imports)",0.6519,2024,0.0129,"CI 2015 463.21 -> 2024 412.11 gCO2/kWh; compound annual decline, derived by us.",estimated,"Ember US Electricity Data (state-level yearly, long format)",https://ember-energy.org/data/us-electricity-data/,
United States of America,California,CA,199.57,2024,"lifecycle; generation-based (in-state generation, excludes imports)",0.3528,2024,0.0468,"CI 2015 307.16 -> 2024 199.57 gCO2/kWh; compound annual decline, derived by us.",estimated,"Ember US Electricity Data (state-level yearly, long format)",https://ember-energy.org/data/us-electricity-data/,
United States of America,Colorado,CO,376.43,2024,"lifecycle; generation-based (in-state generation, excludes imports)",0.5658,2024,0.0508,"CI 2015 601.59 -> 2024 376.43 gCO2/kWh; compound annual decline, derived by us.",estimated,"Ember US Electricity Data (state-level yearly, long format)",https://ember-energy.org/data/us-electricity-data/,
United States of America,Connecticut,CT,292.07,2024,"lifecycle; generation-based (in-state generation, excludes imports)",0.5729,2024,-0.0095,"CI 2015 268.19 -> 2024 292.07 gCO2/kWh; compound annual decline, derived by us.",estimated,"Ember US Electricity Data (state-level yearly, long format)",https://ember-energy.org/data/us-electricity-data/,
United States of America,Delaware,DE,474.57,2024,"lifecycle; generation-based (in-state generation, excludes imports)",0.9175,2024,0.0091,"CI 2015 515.49 -> 2024 474.57 gCO2/kWh; compound annual decline, derived by us.",estimated,"Ember US Electricity Data (state-level yearly, long format)",https://ember-energy.org/data/us-electricity-data/,
United States of America,Florida,FL,408.26,2024,"lifecycle; generation-based (in-state generation, excludes imports)",0.7937,2024,0.0197,"CI 2015 488.21 -> 2024 408.26 gCO2/kWh; compound annual decline, derived by us.",estimated,"Ember US Electricity Data (state-level yearly, long format)",https://ember-energy.org/data/us-electricity-data/,
United States of America,Georgia,GA,320.85,2024,"lifecycle; generation-based (in-state generation, excludes imports)",0.5345,2024,0.0348,"CI 2015 441.27 -> 2024 320.85 gCO2/kWh; compound annual decline, derived by us.",estimated,"Ember US Electricity Data (state-level yearly, long format)",https://ember-energy.org/data/us-electricity-data/,
United States of America,Hawaii,HI,484.4,2024,"lifecycle; generation-based (in-state generation, excludes imports)",0.668,2024,0.0219,"CI 2015 591.41 -> 2024 484.4 gCO2/kWh; compound annual decline, derived by us.",estimated,"Ember US Electricity Data (state-level yearly, long format)",https://ember-energy.org/data/us-electricity-data/,
United States of America,Idaho,ID,174.13,2024,"lifecycle; generation-based (in-state generation, excludes imports)",0.3125,2024,-0.0169,"CI 2015 149.73 -> 2024 174.13 gCO2/kWh; compound annual decline, derived by us.",estimated,"Ember US Electricity Data (state-level yearly, long format)",https://ember-energy.org/data/us-electricity-data/,
United States of America,Illinois,IL,208.45,2024,"lifecycle; generation-based (in-state generation, excludes imports)",0.3081,2024,0.0556,"CI 2015 348.69 -> 2024 208.45 gCO2/kWh; compound annual decline, derived by us.",estimated,"Ember US Electricity Data (state-level yearly, long format)",https://ember-energy.org/data/us-electricity-data/,
United States of America,Indiana,IN,564.02,2024,"lifecycle; generation-based (in-state generation, excludes imports)",0.8523,2024,0.027,"CI 2015 721.81 -> 2024 564.02 gCO2/kWh; compound annual decline, derived by us.",estimated,"Ember US Electricity Data (state-level yearly, long format)",https://ember-energy.org/data/us-electricity-data/,
United States of America,Iowa,IA,243.43,2024,"lifecycle; generation-based (in-state generation, excludes imports)",0.3416,2024,0.0679,"CI 2015 458.16 -> 2024 243.43 gCO2/kWh; compound annual decline, derived by us.",estimated,"Ember US Electricity Data (state-level yearly, long format)",https://ember-energy.org/data/us-electricity-data/,
United States of America,Kansas,KS,239.67,2024,"lifecycle; generation-based (in-state generation, excludes imports)",0.3197,2024,0.0702,"CI 2015 461.55 -> 2024 239.67 gCO2/kWh; compound annual decline, derived by us.",estimated,"Ember US Electricity Data (state-level yearly, long format)",https://ember-energy.org/data/us-electricity-data/,
United States of America,Kentucky,KY,677.68,2024,"lifecycle; generation-based (in-state generation, excludes imports)",0.9263,2024,0.0126,"CI 2015 759.91 -> 2024 677.68 gCO2/kWh; compound annual decline, derived by us.",estimated,"Ember US Electricity Data (state-level yearly, long format)",https://ember-energy.org/data/us-electricity-data/,
United States of America,Louisiana,LA,419.78,2024,"lifecycle; generation-based (in-state generation, excludes imports)",0.8087,2024,0.0106,"CI 2015 462.06 -> 2024 419.78 gCO2/kWh; compound annual decline, derived by us.",estimated,"Ember US Electricity Data (state-level yearly, long format)",https://ember-energy.org/data/us-electricity-data/,
United States of America,Maine,ME,252.9,2024,"lifecycle; generation-based (in-state generation, excludes imports)",0.4317,2024,-0.0005,"CI 2015 251.68 -> 2024 252.9 gCO2/kWh; compound annual decline, derived by us.",estimated,"Ember US Electricity Data (state-level yearly, long format)",https://ember-energy.org/data/us-electricity-data/,
United States of America,Maryland,MD,261.41,2024,"lifecycle; generation-based (in-state generation, excludes imports)",0.4586,2024,0.0441,"CI 2015 392.18 -> 2024 261.41 gCO2/kWh; compound annual decline, derived by us.",estimated,"Ember US Electricity Data (state-level yearly, long format)",https://ember-energy.org/data/us-electricity-data/,
United States of America,Massachusetts,MA,369.08,2024,"lifecycle; generation-based (in-state generation, excludes imports)",0.6918,2024,0.0131,"CI 2015 415.63 -> 2024 369.08 gCO2/kWh; compound annual decline, derived by us.",estimated,"Ember US Electricity Data (state-level yearly, long format)",https://ember-energy.org/data/us-electricity-data/,
United States of America,Michigan,MI,407.51,2024,"lifecycle; generation-based (in-state generation, excludes imports)",0.6708,2024,0.021,"CI 2015 493.12 -> 2024 407.51 gCO2/kWh; compound annual decline, derived by us.",estimated,"Ember US Electricity Data (state-level yearly, long format)",https://ember-energy.org/data/us-electricity-data/,
United States of America,Minnesota,MN,306.79,2024,"lifecycle; generation-based (in-state generation, excludes imports)",0.4683,2024,0.0379,"CI 2015 434.51 -> 2024 306.79 gCO2/kWh; compound annual decline, derived by us.",estimated,"Ember US Electricity Data (state-level yearly, long format)",https://ember-energy.org/data/us-electricity-data/,
United States of America,Mississippi,MS,422.13,2024,"lifecycle; generation-based (in-state generation, excludes imports)",0.819,2024,0.0021,"CI 2015 430.15 -> 2024 422.13 gCO2/kWh; compound annual decline, derived by us.",estimated,"Ember US Electricity Data (state-level yearly, long format)",https://ember-energy.org/data/us-electricity-data/,
United States of America,Missouri,MO,542.78,2024,"lifecycle; generation-based (in-state generation, excludes imports)",0.7111,2024,0.0231,"CI 2015 670.14 -> 2024 542.78 gCO2/kWh; compound annual decline, derived by us.",estimated,"Ember US Electricity Data (state-level yearly, long format)",https://ember-energy.org/data/us-electricity-data/,
United States of America,Montana,MT,339.19,2024,"lifecycle; generation-based (in-state generation, excludes imports)",0.4157,2024,0.0385,"CI 2015 482.94 -> 2024 339.19 gCO2/kWh; compound annual decline, derived by us.",estimated,"Ember US Electricity Data (state-level yearly, long format)",https://ember-energy.org/data/us-electricity-data/,
United States of America,Nebraska,NE,385.61,2024,"lifecycle; generation-based (in-state generation, excludes imports)",0.4767,2024,0.0301,"CI 2015 507.85 -> 2024 385.61 gCO2/kWh; compound annual decline, derived by us.",estimated,"Ember US Electricity Data (state-level yearly, long format)",https://ember-energy.org/data/us-electricity-data/,
United States of America,Nevada,NV,314.76,2024,"lifecycle; generation-based (in-state generation, excludes imports)",0.5719,2024,0.0328,"CI 2015 425.02 -> 2024 314.76 gCO2/kWh; compound annual decline, derived by us.",estimated,"Ember US Electricity Data (state-level yearly, long format)",https://ember-energy.org/data/us-electricity-data/,
United States of America,New Hampshire,NH,158.52,2024,"lifecycle; generation-based (in-state generation, excludes imports)",0.2741,2024,0.0359,"CI 2015 220.3 -> 2024 158.52 gCO2/kWh; compound annual decline, derived by us.",estimated,"Ember US Electricity Data (state-level yearly, long format)",https://ember-energy.org/data/us-electricity-data/,
United States of America,New Jersey,NJ,248.68,2024,"lifecycle; generation-based (in-state generation, excludes imports)",0.4791,2024,0.0119,"CI 2015 277.02 -> 2024 248.68 gCO2/kWh; compound annual decline, derived by us.",estimated,"Ember US Electricity Data (state-level yearly, long format)",https://ember-energy.org/data/us-electricity-data/,
United States of America,New Mexico,NM,321.81,2024,"lifecycle; generation-based (in-state generation, excludes imports)",0.4954,2024,0.0756,"CI 2015 653.04 -> 2024 321.81 gCO2/kWh; compound annual decline, derived by us.",estimated,"Ember US Electricity Data (state-level yearly, long format)",https://ember-energy.org/data/us-electricity-data/,
United States of America,New York,NY,249.0,2024,"lifecycle; generation-based (in-state generation, excludes imports)",0.4767,2024,-0.0037,"CI 2015 240.86 -> 2024 249.0 gCO2/kWh; compound annual decline, derived by us.",estimated,"Ember US Electricity Data (state-level yearly, long format)",https://ember-energy.org/data/us-electricity-data/,
United States of America,North Carolina,NC,316.67,2024,"lifecycle; generation-based (in-state generation, excludes imports)",0.5366,2024,0.0284,"CI 2015 410.23 -> 2024 316.67 gCO2/kWh; compound annual decline, derived by us.",estimated,"Ember US Electricity Data (state-level yearly, long format)",https://ember-energy.org/data/us-electricity-data/,
United States of America,North Dakota,ND,481.55,2024,"lifecycle; generation-based (in-state generation, excludes imports)",0.6047,2024,0.0289,"CI 2015 626.71 -> 2024 481.55 gCO2/kWh; compound annual decline, derived by us.",estimated,"Ember US Electricity Data (state-level yearly, long format)",https://ember-energy.org/data/us-electricity-data/,
United States of America,Ohio,OH,475.34,2024,"lifecycle; generation-based (in-state generation, excludes imports)",0.8168,2024,0.0274,"CI 2015 610.12 -> 2024 475.34 gCO2/kWh; compound annual decline, derived by us.",estimated,"Ember US Electricity Data (state-level yearly, long format)",https://ember-energy.org/data/us-electricity-data/,
United States of America,Oklahoma,OK,307.49,2024,"lifecycle; generation-based (in-state generation, excludes imports)",0.5714,2024,0.0509,"CI 2015 492.14 -> 2024 307.49 gCO2/kWh; compound annual decline, derived by us.",estimated,"Ember US Electricity Data (state-level yearly, long format)",https://ember-energy.org/data/us-electricity-data/,
United States of America,Oregon,OR,204.66,2024,"lifecycle; generation-based (in-state generation, excludes imports)",0.382,2024,-0.0082,"CI 2015 190.12 -> 2024 204.66 gCO2/kWh; compound annual decline, derived by us.",estimated,"Ember US Electricity Data (state-level yearly, long format)",https://ember-energy.org/data/us-electricity-data/,
United States of America,Pennsylvania,PA,345.07,2024,"lifecycle; generation-based (in-state generation, excludes imports)",0.6533,2024,0.0152,"CI 2015 396.23 -> 2024 345.07 gCO2/kWh; compound annual decline, derived by us.",estimated,"Ember US Electricity Data (state-level yearly, long format)",https://ember-energy.org/data/us-electricity-data/,
United States of America,Rhode Island,RI,437.72,2024,"lifecycle; generation-based (in-state generation, excludes imports)",0.8748,2024,0.0109,"CI 2015 482.89 -> 2024 437.72 gCO2/kWh; compound annual decline, derived by us.",estimated,"Ember US Electricity Data (state-level yearly, long format)",https://ember-energy.org/data/us-electricity-data/,
United States of America,South Carolina,SC,260.88,2024,"lifecycle; generation-based (in-state generation, excludes imports)",0.3936,2024,0.0119,"CI 2015 290.46 -> 2024 260.88 gCO2/kWh; compound annual decline, derived by us.",estimated,"Ember US Electricity Data (state-level yearly, long format)",https://ember-energy.org/data/us-electricity-data/,
United States of America,South Dakota,SD,127.62,2024,"lifecycle; generation-based (in-state generation, excludes imports)",0.1839,2024,0.0391,"CI 2015 182.75 -> 2024 127.62 gCO2/kWh; compound annual decline, derived by us.",estimated,"Ember US Electricity Data (state-level yearly, long format)",https://ember-energy.org/data/us-electricity-data/,
United States of America,Tennessee,TN,304.45,2024,"lifecycle; generation-based (in-state generation, excludes imports)",0.4464,2024,0.0313,"CI 2015 405.44 -> 2024 304.45 gCO2/kWh; compound annual decline, derived by us.",estimated,"Ember US Electricity Data (state-level yearly, long format)",https://ember-energy.org/data/us-electricity-data/,
United States of America,Texas,TX,356.02,2024,"lifecycle; generation-based (in-state generation, excludes imports)",0.6323,2024,0.0346,"CI 2015 488.65 -> 2024 356.02 gCO2/kWh; compound annual decline, derived by us.",estimated,"Ember US Electricity Data (state-level yearly, long format)",https://ember-energy.org/data/us-electricity-data/,
United States of America,Utah,UT,533.93,2024,"lifecycle; generation-based (in-state generation, excludes imports)",0.7693,2024,0.0323,"CI 2015 717.29 -> 2024 533.93 gCO2/kWh; compound annual decline, derived by us.",estimated,"Ember US Electricity Data (state-level yearly, long format)",https://ember-energy.org/data/us-electricity-data/,
United States of America,Vermont,VT,60.59,2024,"lifecycle; generation-based (in-state generation, excludes imports)",0.002,2024,0.0182,"CI 2015 71.49 -> 2024 60.59 gCO2/kWh; compound annual decline, derived by us.",estimated,"Ember US Electricity Data (state-level yearly, long format)",https://ember-energy.org/data/us-electricity-data/,
United States of America,Virginia,VA,322.4,2024,"lifecycle; generation-based (in-state generation, excludes imports)",0.6129,2024,0.0206,"CI 2015 388.77 -> 2024 322.4 gCO2/kWh; compound annual decline, derived by us.",estimated,"Ember US Electricity Data (state-level yearly, long format)",https://ember-energy.org/data/us-electricity-data/,
United States of America,Washington,WA,130.24,2024,"lifecycle; generation-based (in-state generation, excludes imports)",0.2065,2024,-0.0077,"CI 2015 121.57 -> 2024 130.24 gCO2/kWh; compound annual decline, derived by us.",estimated,"Ember US Electricity Data (state-level yearly, long format)",https://ember-energy.org/data/us-electricity-data/,
United States of America,"Washington, D.C.",DC,155.29,2024,"lifecycle; generation-based (in-state generation, excludes imports)",0.1993,2024,0.016,"CI 2015 179.54 -> 2024 155.29 gCO2/kWh; compound annual decline, derived by us.",estimated,"Ember US Electricity Data (state-level yearly, long format)",https://ember-energy.org/data/us-electricity-data/,
United States of America,West Virginia,WV,737.76,2024,"lifecycle; generation-based (in-state generation, excludes imports)",0.9286,2024,0.0066,"CI 2015 783.03 -> 2024 737.76 gCO2/kWh; compound annual decline, derived by us.",estimated,"Ember US Electricity Data (state-level yearly, long format)",https://ember-energy.org/data/us-electricity-data/,
United States of America,Wisconsin,WI,465.08,2024,"lifecycle; generation-based (in-state generation, excludes imports)",0.717,2024,0.022,"CI 2015 568.24 -> 2024 465.08 gCO2/kWh; compound annual decline, derived by us.",estimated,"Ember US Electricity Data (state-level yearly, long format)",https://ember-energy.org/data/us-electricity-data/,
United States of America,Wyoming,WY,567.45,2024,"lifecycle; generation-based (in-state generation, excludes imports)",0.7429,2024,0.0287,"CI 2015 737.62 -> 2024 567.45 gCO2/kWh; compound annual decline, derived by us.",estimated,"Ember US Electricity Data (state-level yearly, long format)",https://ember-energy.org/data/us-electricity-data/,
China,Beijing,北京,555.4,2023,"direct CO2, consumption-based provincial average (accounts for net inter-provincial/regional/international imports)",0.9718,2024,0.0118,1-(0.5554/0.5688)^(1/2) = 0.0118. Only 3 years exist in this consistent series; driven heavily by hydro variability and trade - indicative only.,measured,"MEE & NBS, 2023年电力二氧化碳排放因子, 表3 省级电力平均二氧化碳排放因子 (0.5554 kgCO2/kWh)",https://www.mee.gov.cn/xxgk2018/xxgk/xxgk01/202512/t20251231_1139517.html,"Official published factor; converted kg->g (x1000). | fossil share: 420.2 / 432.4 = 0.9718. Ratio of two official NBS statistics; overstates fossil share where distributed solar (not above-scale) is large, and includes biomass."
China,Tianjin,天津,679.6,2023,"direct CO2, consumption-based provincial average (accounts for net inter-provincial/regional/international imports)",0.9167,2024,0.0388,1-(0.6796/0.7355)^(1/2) = 0.0388. Only 3 years exist in this consistent series; driven heavily by hydro variability and trade - indicative only.,measured,"MEE & NBS, 2023年电力二氧化碳排放因子, 表3 省级电力平均二氧化碳排放因子 (0.6796 kgCO2/kWh)",https://www.mee.gov.cn/xxgk2018/xxgk/xxgk01/202512/t20251231_1139517.html,"Official published factor; converted kg->g (x1000). | fossil share: 763.6 / 833.0 = 0.9167. Ratio of two official NBS statistics; overstates fossil share where distributed solar (not above-scale) is large, and includes biomass."
China,Hebei,河北,651.6,2023,"direct CO2, consumption-based provincial average (accounts for net inter-provincial/regional/international imports)",0.7446,2024,0.0919,1-(0.6516/0.7901)^(1/2) = 0.0919. Only 3 years exist in this consistent series; driven heavily by hydro variability and trade - indicative only.,measured,"MEE & NBS, 2023年电力二氧化碳排放因子, 表3 省级电力平均二氧化碳排放因子 (0.6516 kgCO2/kWh)",https://www.mee.gov.cn/xxgk2018/xxgk/xxgk01/202512/t20251231_1139517.html,"Official published factor; converted kg->g (x1000). | fossil share: 2890.3 / 3881.8 = 0.7446. Ratio of two official NBS statistics; overstates fossil share where distributed solar (not above-scale) is large, and includes biomass."
China,Shanxi,山西,663.4,2023,"direct CO2, consumption-based provincial average (accounts for net inter-provincial/regional/international imports)",0.837,2024,0.0416,1-(0.6634/0.7222)^(1/2) = 0.0416. Only 3 years exist in this consistent series; driven heavily by hydro variability and trade - indicative only.,measured,"MEE & NBS, 2023年电力二氧化碳排放因子, 表3 省级电力平均二氧化碳排放因子 (0.6634 kgCO2/kWh)",https://www.mee.gov.cn/xxgk2018/xxgk/xxgk01/202512/t20251231_1139517.html,"Official published factor; converted kg->g (x1000). | fossil share: 3671.1 / 4386.2 = 0.8370. Ratio of two official NBS statistics; overstates fossil share where distributed solar (not above-scale) is large, and includes biomass."
China,Inner Mongolia,内蒙古,647.9,2023,"direct CO2, consumption-based provincial average (accounts for net inter-provincial/regional/international imports)",0.7552,2024,0.0396,1-(0.6479/0.7025)^(1/2) = 0.0396. Only 3 years exist in this consistent series; driven heavily by hydro variability and trade - indicative only.,measured,"MEE & NBS, 2023年电力二氧化碳排放因子, 表3 省级电力平均二氧化碳排放因子 (0.6479 kgCO2/kWh)",https://www.mee.gov.cn/xxgk2018/xxgk/xxgk01/202512/t20251231_1139517.html,"Official published factor; converted kg->g (x1000). | fossil share: 6177.0 / 8179.7 = 0.7552. Ratio of two official NBS statistics; overstates fossil share where distributed solar (not above-scale) is large, and includes biomass."
China,Liaoning,辽宁,487.8,2023,"direct CO2, consumption-based provincial average (accounts for net inter-provincial/regional/international imports)",0.5724,2024,0.0889,1-(0.4878/0.5876)^(1/2) = 0.0889. Only 3 years exist in this consistent series; driven heavily by hydro variability and trade - indicative only.,measured,"MEE & NBS, 2023年电力二氧化碳排放因子, 表3 省级电力平均二氧化碳排放因子 (0.4878 kgCO2/kWh)",https://www.mee.gov.cn/xxgk2018/xxgk/xxgk01/202512/t20251231_1139517.html,"Official published factor; converted kg->g (x1000). | fossil share: 1261.4 / 2203.7 = 0.5724. Ratio of two official NBS statistics; overstates fossil share where distributed solar (not above-scale) is large, and includes biomass."
China,Jilin,吉林,467.1,2023,"direct CO2, consumption-based provincial average (accounts for net inter-provincial/regional/international imports)",0.6085,2024,0.0891,1-(0.4671/0.5629)^(1/2) = 0.0891. Only 3 years exist in this consistent series; driven heavily by hydro variability and trade - indicative only.,measured,"MEE & NBS, 2023年电力二氧化碳排放因子, 表3 省级电力平均二氧化碳排放因子 (0.4671 kgCO2/kWh)",https://www.mee.gov.cn/xxgk2018/xxgk/xxgk01/202512/t20251231_1139517.html,"Official published factor; converted kg->g (x1000). | fossil share: 675.4 / 1109.9 = 0.6085. Ratio of two official NBS statistics; overstates fossil share where distributed solar (not above-scale) is large, and includes biomass."
China,Heilongjiang,黑龙江,522.9,2023,"direct CO2, consumption-based provincial average (accounts for net inter-provincial/regional/international imports)",0.7154,2024,0.092,1-(0.5229/0.6342)^(1/2) = 0.0920. Only 3 years exist in this consistent series; driven heavily by hydro variability and trade - indicative only.,measured,"MEE & NBS, 2023年电力二氧化碳排放因子, 表3 省级电力平均二氧化碳排放因子 (0.5229 kgCO2/kWh)",https://www.mee.gov.cn/xxgk2018/xxgk/xxgk01/202512/t20251231_1139517.html,"Official published factor; converted kg->g (x1000). | fossil share: 919.9 / 1285.9 = 0.7154. Ratio of two official NBS statistics; overstates fossil share where distributed solar (not above-scale) is large, and includes biomass."
China,Shanghai,上海,573.7,2023,"direct CO2, consumption-based provincial average (accounts for net inter-provincial/regional/international imports)",0.9675,2024,0.0083,1-(0.5737/0.5834)^(1/2) = 0.0083. Only 3 years exist in this consistent series; driven heavily by hydro variability and trade - indicative only.,measured,"MEE & NBS, 2023年电力二氧化碳排放因子, 表3 省级电力平均二氧化碳排放因子 (0.5737 kgCO2/kWh)",https://www.mee.gov.cn/xxgk2018/xxgk/xxgk01/202512/t20251231_1139517.html,"Official published factor; converted kg->g (x1000). | fossil share: 984.0 / 1017.1 = 0.9675. Ratio of two official NBS statistics; overstates fossil share where distributed solar (not above-scale) is large, and includes biomass."
China,Jiangsu,江苏,582.7,2023,"direct CO2, consumption-based provincial average (accounts for net inter-provincial/regional/international imports)",0.8049,2024,0.0496,1-(0.5827/0.6451)^(1/2) = 0.0496. Only 3 years exist in this consistent series; driven heavily by hydro variability and trade - indicative only.,measured,"MEE & NBS, 2023年电力二氧化碳排放因子, 表3 省级电力平均二氧化碳排放因子 (0.5827 kgCO2/kWh)",https://www.mee.gov.cn/xxgk2018/xxgk/xxgk01/202512/t20251231_1139517.html,"Official published factor; converted kg->g (x1000). | fossil share: 5095.4 / 6330.7 = 0.8049. Ratio of two official NBS statistics; overstates fossil share where distributed solar (not above-scale) is large, and includes biomass."
China,Zhejiang,浙江,497.4,2023,"direct CO2, consumption-based provincial average (accounts for net inter-provincial/regional/international imports)",0.7312,2024,0.0422,1-(0.4974/0.5422)^(1/2) = 0.0422. Only 3 years exist in this consistent series; driven heavily by hydro variability and trade - indicative only.,measured,"MEE & NBS, 2023年电力二氧化碳排放因子, 表3 省级电力平均二氧化碳排放因子 (0.4974 kgCO2/kWh)",https://www.mee.gov.cn/xxgk2018/xxgk/xxgk01/202512/t20251231_1139517.html,"Official published factor; converted kg->g (x1000). | fossil share: 3396.8 / 4645.7 = 0.7312. Ratio of two official NBS statistics; overstates fossil share where distributed solar (not above-scale) is large, and includes biomass."
China,Anhui,安徽,655.3,2023,"direct CO2, consumption-based provincial average (accounts for net inter-provincial/regional/international imports)",0.8991,2024,0.0376,1-(0.6553/0.7075)^(1/2) = 0.0376. Only 3 years exist in this consistent series; driven heavily by hydro variability and trade - indicative only.,measured,"MEE & NBS, 2023年电力二氧化碳排放因子, 表3 省级电力平均二氧化碳排放因子 (0.6553 kgCO2/kWh)",https://www.mee.gov.cn/xxgk2018/xxgk/xxgk01/202512/t20251231_1139517.html,"Official published factor; converted kg->g (x1000). | fossil share: 3168.4 / 3524.1 = 0.8991. Ratio of two official NBS statistics; overstates fossil share where distributed solar (not above-scale) is large, and includes biomass."
China,Fujian,福建,421.1,2023,"direct CO2, consumption-based provincial average (accounts for net inter-provincial/regional/international imports)",0.584,2024,0.0546,1-(0.4211/0.4711)^(1/2) = 0.0546. Only 3 years exist in this consistent series; driven heavily by hydro variability and trade - indicative only.,measured,"MEE & NBS, 2023年电力二氧化碳排放因子, 表3 省级电力平均二氧化碳排放因子 (0.4211 kgCO2/kWh)",https://www.mee.gov.cn/xxgk2018/xxgk/xxgk01/202512/t20251231_1139517.html,"Official published factor; converted kg->g (x1000). | fossil share: 1910.0 / 3270.6 = 0.5840. Ratio of two official NBS statistics; overstates fossil share where distributed solar (not above-scale) is large, and includes biomass."
China,Jiangxi,江西,583.6,2023,"direct CO2, consumption-based provincial average (accounts for net inter-provincial/regional/international imports)",0.8171,2024,-0.0001,1-(0.5836/0.5835)^(1/2) = -0.0001. Only 3 years exist in this consistent series; driven heavily by hydro variability and trade - indicative only. Negative: ci rose over the span.,measured,"MEE & NBS, 2023年电力二氧化碳排放因子, 表3 省级电力平均二氧化碳排放因子 (0.5836 kgCO2/kWh)",https://www.mee.gov.cn/xxgk2018/xxgk/xxgk01/202512/t20251231_1139517.html,"Official published factor; converted kg->g (x1000). | fossil share: 1402.9 / 1717.0 = 0.8171. Ratio of two official NBS statistics; overstates fossil share where distributed solar (not above-scale) is large, and includes biomass."
China,Shandong,山东,619.1,2023,"direct CO2, consumption-based provincial average (accounts for net inter-provincial/regional/international imports)",0.835,2024,0.0485,1-(0.6191/0.6838)^(1/2) = 0.0485. Only 3 years exist in this consistent series; driven heavily by hydro variability and trade - indicative only.,measured,"MEE & NBS, 2023年电力二氧化碳排放因子, 表3 省级电力平均二氧化碳排放因子 (0.6191 kgCO2/kWh)",https://www.mee.gov.cn/xxgk2018/xxgk/xxgk01/202512/t20251231_1139517.html,"Official published factor; converted kg->g (x1000). | fossil share: 5056.8 / 6055.9 = 0.8350. Ratio of two official NBS statistics; overstates fossil share where distributed solar (not above-scale) is large, and includes biomass."
China,Henan,河南,589.7,2023,"direct CO2, consumption-based provincial average (accounts for net inter-provincial/regional/international imports)",0.8263,2024,0.0378,1-(0.5897/0.6369)^(1/2) = 0.0378. Only 3 years exist in this consistent series; driven heavily by hydro variability and trade - indicative only.,measured,"MEE & NBS, 2023年电力二氧化碳排放因子, 表3 省级电力平均二氧化碳排放因子 (0.5897 kgCO2/kWh)",https://www.mee.gov.cn/xxgk2018/xxgk/xxgk01/202512/t20251231_1139517.html,"Official published factor; converted kg->g (x1000). | fossil share: 2799.7 / 3388.2 = 0.8263. Ratio of two official NBS statistics; overstates fossil share where distributed solar (not above-scale) is large, and includes biomass."
China,Hubei,湖北,404.4,2023,"direct CO2, consumption-based provincial average (accounts for net inter-provincial/regional/international imports)",0.5119,2024,-0.0494,1-(0.4044/0.3672)^(1/2) = -0.0494. Only 3 years exist in this consistent series; driven heavily by hydro variability and trade - indicative only. Negative: ci rose over the span.,measured,"MEE & NBS, 2023年电力二氧化碳排放因子, 表3 省级电力平均二氧化碳排放因子 (0.4044 kgCO2/kWh)",https://www.mee.gov.cn/xxgk2018/xxgk/xxgk01/202512/t20251231_1139517.html,"Official published factor; converted kg->g (x1000). | fossil share: 1668.4 / 3259.5 = 0.5119. Ratio of two official NBS statistics; overstates fossil share where distributed solar (not above-scale) is large, and includes biomass."
China,Hunan,湖南,497.6,2023,"direct CO2, consumption-based provincial average (accounts for net inter-provincial/regional/international imports)",0.5881,2024,0.0159,1-(0.4976/0.5138)^(1/2) = 0.0159. Only 3 years exist in this consistent series; driven heavily by hydro variability and trade - indicative only.,measured,"MEE & NBS, 2023年电力二氧化碳排放因子, 表3 省级电力平均二氧化碳排放因子 (0.4976 kgCO2/kWh)",https://www.mee.gov.cn/xxgk2018/xxgk/xxgk01/202512/t20251231_1139517.html,"Official published factor; converted kg->g (x1000). | fossil share: 1033.8 / 1758.0 = 0.5881. Ratio of two official NBS statistics; overstates fossil share where distributed solar (not above-scale) is large, and includes biomass."
China,Guangdong,广东,441.9,2023,"direct CO2, consumption-based provincial average (accounts for net inter-provincial/regional/international imports)",0.707,2024,0.0319,1-(0.4419/0.4715)^(1/2) = 0.0319. Only 3 years exist in this consistent series; driven heavily by hydro variability and trade - indicative only.,measured,"MEE & NBS, 2023年电力二氧化碳排放因子, 表3 省级电力平均二氧化碳排放因子 (0.4419 kgCO2/kWh)",https://www.mee.gov.cn/xxgk2018/xxgk/xxgk01/202512/t20251231_1139517.html,"Official published factor; converted kg->g (x1000). | fossil share: 4917.4 / 6955.3 = 0.7070. Ratio of two official NBS statistics; overstates fossil share where distributed solar (not above-scale) is large, and includes biomass."
China,Guangxi,广西,447.6,2023,"direct CO2, consumption-based provincial average (accounts for net inter-provincial/regional/international imports)",0.4909,2024,0.0681,1-(0.4476/0.5154)^(1/2) = 0.0681. Only 3 years exist in this consistent series; driven heavily by hydro variability and trade - indicative only.,measured,"MEE & NBS, 2023年电力二氧化碳排放因子, 表3 省级电力平均二氧化碳排放因子 (0.4476 kgCO2/kWh)",https://www.mee.gov.cn/xxgk2018/xxgk/xxgk01/202512/t20251231_1139517.html,"Official published factor; converted kg->g (x1000). | fossil share: 1197.5 / 2439.2 = 0.4909. Ratio of two official NBS statistics; overstates fossil share where distributed solar (not above-scale) is large, and includes biomass."
China,Hainan,海南,364.8,2023,"direct CO2, consumption-based provincial average (accounts for net inter-provincial/regional/international imports)",0.6641,2024,0.102,1-(0.3648/0.4524)^(1/2) = 0.1020. Only 3 years exist in this consistent series; driven heavily by hydro variability and trade - indicative only.,measured,"MEE & NBS, 2023年电力二氧化碳排放因子, 表3 省级电力平均二氧化碳排放因子 (0.3648 kgCO2/kWh)",https://www.mee.gov.cn/xxgk2018/xxgk/xxgk01/202512/t20251231_1139517.html,"Official published factor; converted kg->g (x1000). | fossil share: 311.2 / 468.6 = 0.6641. Ratio of two official NBS statistics; overstates fossil share where distributed solar (not above-scale) is large, and includes biomass."
China,Chongqing,重庆,558.1,2023,"direct CO2, consumption-based provincial average (accounts for net inter-provincial/regional/international imports)",0.8047,2024,-0.0847,1-(0.5581/0.4743)^(1/2) = -0.0847. Only 3 years exist in this consistent series; driven heavily by hydro variability and trade - indicative only. Negative: ci rose over the span.,measured,"MEE & NBS, 2023年电力二氧化碳排放因子, 表3 省级电力平均二氧化碳排放因子 (0.5581 kgCO2/kWh)",https://www.mee.gov.cn/xxgk2018/xxgk/xxgk01/202512/t20251231_1139517.html,"Official published factor; converted kg->g (x1000). | fossil share: 924.9 / 1149.4 = 0.8047. Ratio of two official NBS statistics; overstates fossil share where distributed solar (not above-scale) is large, and includes biomass."
China,Sichuan,四川,156.4,2023,"direct CO2, consumption-based provincial average (accounts for net inter-provincial/regional/international imports)",0.1919,2024,-0.1163,1-(0.1564/0.1255)^(1/2) = -0.1163. Only 3 years exist in this consistent series; driven heavily by hydro variability and trade - indicative only. Negative: ci rose over the span.,measured,"MEE & NBS, 2023年电力二氧化碳排放因子, 表3 省级电力平均二氧化碳排放因子 (0.1564 kgCO2/kWh)",https://www.mee.gov.cn/xxgk2018/xxgk/xxgk01/202512/t20251231_1139517.html,"Official published factor; converted kg->g (x1000). | fossil share: 970.0 / 5053.5 = 0.1919. Ratio of two official NBS statistics; overstates fossil share where distributed solar (not above-scale) is large, and includes biomass."
China,Guizhou,贵州,568.3,2023,"direct CO2, consumption-based provincial average (accounts for net inter-provincial/regional/international imports)",0.6695,2024,-0.0472,1-(0.5683/0.5182)^(1/2) = -0.0472. Only 3 years exist in this consistent series; driven heavily by hydro variability and trade - indicative only. Negative: ci rose over the span.,measured,"MEE & NBS, 2023年电力二氧化碳排放因子, 表3 省级电力平均二氧化碳排放因子 (0.5683 kgCO2/kWh)",https://www.mee.gov.cn/xxgk2018/xxgk/xxgk01/202512/t20251231_1139517.html,"Official published factor; converted kg->g (x1000). | fossil share: 1633.6 / 2440.1 = 0.6695. Ratio of two official NBS statistics; overstates fossil share where distributed solar (not above-scale) is large, and includes biomass."
China,Yunnan,云南,133.3,2023,"direct CO2, consumption-based provincial average (accounts for net inter-provincial/regional/international imports)",0.1375,2024,-0.0389,1-(0.1333/0.1235)^(1/2) = -0.0389. Only 3 years exist in this consistent series; driven heavily by hydro variability and trade - indicative only. Negative: ci rose over the span.,measured,"MEE & NBS, 2023年电力二氧化碳排放因子, 表3 省级电力平均二氧化碳排放因子 (0.1333 kgCO2/kWh)",https://www.mee.gov.cn/xxgk2018/xxgk/xxgk01/202512/t20251231_1139517.html,"Official published factor; converted kg->g (x1000). | fossil share: 599.7 / 4362.9 = 0.1375. Ratio of two official NBS statistics; overstates fossil share where distributed solar (not above-scale) is large, and includes biomass."
China,Tibet,西藏,,,,0.0257,2024,,No MEE series for Tibet.,,MEE & NBS 2021-2023 editions (Tibet not covered),https://www.mee.gov.cn/xxgk2018/xxgk/xxgk01/202512/t20251231_1139517.html,"Tibet is explicitly excluded from the MEE/NBS provincial (and regional) factor series. No official value; not estimated. | fossil share: 3.7 / 144.1 = 0.0257. Ratio of two official NBS statistics; overstates fossil share where distributed solar (not above-scale) is large, and includes biomass."
China,Shaanxi,陕西,633.5,2023,"direct CO2, consumption-based provincial average (accounts for net inter-provincial/regional/international imports)",0.8736,2024,0.0001,1-(0.6335/0.6336)^(1/2) = 0.0001. Only 3 years exist in this consistent series; driven heavily by hydro variability and trade - indicative only.,measured,"MEE & NBS, 2023年电力二氧化碳排放因子, 表3 省级电力平均二氧化碳排放因子 (0.6335 kgCO2/kWh)",https://www.mee.gov.cn/xxgk2018/xxgk/xxgk01/202512/t20251231_1139517.html,"Official published factor; converted kg->g (x1000). | fossil share: 2772.7 / 3173.7 = 0.8736. Ratio of two official NBS statistics; overstates fossil share where distributed solar (not above-scale) is large, and includes biomass."
China,Gansu,甘肃,447.1,2023,"direct CO2, consumption-based provincial average (accounts for net inter-provincial/regional/international imports)",0.5181,2024,0.0501,1-(0.4471/0.4955)^(1/2) = 0.0501. Only 3 years exist in this consistent series; driven heavily by hydro variability and trade - indicative only.,measured,"MEE & NBS, 2023年电力二氧化碳排放因子, 表3 省级电力平均二氧化碳排放因子 (0.4471 kgCO2/kWh)",https://www.mee.gov.cn/xxgk2018/xxgk/xxgk01/202512/t20251231_1139517.html,"Official published factor; converted kg->g (x1000). | fossil share: 1075.3 / 2075.5 = 0.5181. Ratio of two official NBS statistics; overstates fossil share where distributed solar (not above-scale) is large, and includes biomass."
China,Qinghai,青海,179.6,2023,"direct CO2, consumption-based provincial average (accounts for net inter-provincial/regional/international imports)",0.1287,2024,-0.1638,1-(0.1796/0.1326)^(1/2) = -0.1638. Only 3 years exist in this consistent series; driven heavily by hydro variability and trade - indicative only. Negative: ci rose over the span.,measured,"MEE & NBS, 2023年电力二氧化碳排放因子, 表3 省级电力平均二氧化碳排放因子 (0.1796 kgCO2/kWh)",https://www.mee.gov.cn/xxgk2018/xxgk/xxgk01/202512/t20251231_1139517.html,"Official published factor; converted kg->g (x1000). | fossil share: 133.2 / 1035.2 = 0.1287. Ratio of two official NBS statistics; overstates fossil share where distributed solar (not above-scale) is large, and includes biomass."
China,Ningxia,宁夏,618.7,2023,"direct CO2, consumption-based provincial average (accounts for net inter-provincial/regional/international imports)",0.7555,2024,0.0278,1-(0.6187/0.6546)^(1/2) = 0.0278. Only 3 years exist in this consistent series; driven heavily by hydro variability and trade - indicative only.,measured,"MEE & NBS, 2023年电力二氧化碳排放因子, 表3 省级电力平均二氧化碳排放因子 (0.6187 kgCO2/kWh)",https://www.mee.gov.cn/xxgk2018/xxgk/xxgk01/202512/t20251231_1139517.html,"Official published factor; converted kg->g (x1000). | fossil share: 1730.7 / 2290.9 = 0.7555. Ratio of two official NBS statistics; overstates fossil share where distributed solar (not above-scale) is large, and includes biomass."
China,Xinjiang,新疆,602.1,2023,"direct CO2, consumption-based provincial average (accounts for net inter-provincial/regional/international imports)",0.729,2024,0.0432,1-(0.6021/0.6577)^(1/2) = 0.0432. Only 3 years exist in this consistent series; driven heavily by hydro variability and trade - indicative only.,measured,"MEE & NBS, 2023年电力二氧化碳排放因子, 表3 省级电力平均二氧化碳排放因子 (0.6021 kgCO2/kWh)",https://www.mee.gov.cn/xxgk2018/xxgk/xxgk01/202512/t20251231_1139517.html,"Official published factor; converted kg->g (x1000). | fossil share: 3873.1 / 5313.2 = 0.7290. Ratio of two official NBS statistics; overstates fossil share where distributed solar (not above-scale) is large, and includes biomass."
India,Andaman and Nicobar,,629.7,2024,"lifecycle (IPCC AR5 median factors, gCO2e/kWh), generation-based, utility generation only (excludes captive)",0.8936,2024,-0.0202,"1-(629.7/569.91)^(1/5); endpoints 2019=569.91, 2024=629.7 gCO2e/kWh. Ember India series starts 2019 (no earlier consistent state data).",estimated,"Ember, India electricity data (state-level yearly release)",https://files.ember-energy.org/public-downloads/india_yearly_full_release_long_format.csv,"Ember-reported CO2 intensity = CEA/NPP generation x IPCC AR5 lifecycle factors (coal 820, gas 490, other fossil 700, hydro 24, solar 48, wind 11, bio 230, nuclear 12). Modelled by Ember, not metered emissions. 2024 utility generation 404 GWh."
India,Andhra Pradesh,,654.8,2024,"lifecycle (IPCC AR5 median factors, gCO2e/kWh), generation-based, utility generation only (excludes captive)",0.791,2024,-0.0068,"1-(654.8/632.84)^(1/5); endpoints 2019=632.84, 2024=654.8 gCO2e/kWh. Ember India series starts 2019 (no earlier consistent state data).",estimated,"Ember, India electricity data (state-level yearly release)",https://files.ember-energy.org/public-downloads/india_yearly_full_release_long_format.csv,"Ember-reported CO2 intensity = CEA/NPP generation x IPCC AR5 lifecycle factors (coal 820, gas 490, other fossil 700, hydro 24, solar 48, wind 11, bio 230, nuclear 12). Modelled by Ember, not metered emissions. 2024 utility generation 90,639 GWh."
India,Arunachal Pradesh,,24.01,2024,"lifecycle (IPCC AR5 median factors, gCO2e/kWh), generation-based, utility generation only (excludes captive)",0.0,2024,0.0001,"1-(24.01/24.02)^(1/5); endpoints 2019=24.02, 2024=24.01 gCO2e/kWh. Ember India series starts 2019 (no earlier consistent state data). Near-zero change is an artefact of a fixed hydro factor; not a real trend signal.",estimated,"Ember, India electricity data (state-level yearly release)",https://files.ember-energy.org/public-downloads/india_yearly_full_release_long_format.csv,"Ember-reported CO2 intensity = CEA/NPP generation x IPCC AR5 lifecycle factors (coal 820, gas 490, other fossil 700, hydro 24, solar 48, wind 11, bio 230, nuclear 12). Modelled by Ember, not metered emissions. 2024 utility generation 4,297 GWh. Hydro-dominated generation (~24 g = IPCC hydro factor); state is a net exporter/also imports from the coal-heavy national grid at other times, so consumption-based CI is far higher."
India,Assam,,586.55,2024,"lifecycle (IPCC AR5 median factors, gCO2e/kWh), generation-based, utility generation only (excludes captive)",0.8517,2024,-0.0107,"1-(586.55/556.28)^(1/5); endpoints 2019=556.28, 2024=586.55 gCO2e/kWh. Ember India series starts 2019 (no earlier consistent state data).",estimated,"Ember, India electricity data (state-level yearly release)",https://files.ember-energy.org/public-downloads/india_yearly_full_release_long_format.csv,"Ember-reported CO2 intensity = CEA/NPP generation x IPCC AR5 lifecycle factors (coal 820, gas 490, other fossil 700, hydro 24, solar 48, wind 11, bio 230, nuclear 12). Modelled by Ember, not metered emissions. 2024 utility generation 9,629 GWh."
India,Bihar,,815.14,2024,"lifecycle (IPCC AR5 median factors, gCO2e/kWh), generation-based, utility generation only (excludes captive)",0.9933,2024,-0.0009,"1-(815.14/811.36)^(1/5); endpoints 2019=811.36, 2024=815.14 gCO2e/kWh. Ember India series starts 2019 (no earlier consistent state data).",estimated,"Ember, India electricity data (state-level yearly release)",https://files.ember-energy.org/public-downloads/india_yearly_full_release_long_format.csv,"Ember-reported CO2 intensity = CEA/NPP generation x IPCC AR5 lifecycle factors (coal 820, gas 490, other fossil 700, hydro 24, solar 48, wind 11, bio 230, nuclear 12). Modelled by Ember, not metered emissions. 2024 utility generation 60,984 GWh."
India,Chandigarh,,48.39,2024,"lifecycle (IPCC AR5 median factors, gCO2e/kWh), generation-based, utility generation only (excludes captive)",,2024,-0.0001,"1-(48.39/48.37)^(1/5); endpoints 2019=48.37, 2024=48.39 gCO2e/kWh. Ember India series starts 2019 (no earlier consistent state data). Tiny generation base; trend not meaningful.",estimated,"Ember, India electricity data (state-level yearly release)",https://files.ember-energy.org/public-downloads/india_yearly_full_release_long_format.csv,"Ember-reported CO2 intensity = CEA/NPP generation x IPCC AR5 lifecycle factors (coal 820, gas 490, other fossil 700, hydro 24, solar 48, wind 11, bio 230, nuclear 12). Modelled by Ember, not metered emissions. 2024 utility generation 9 GWh. Tiny in-state generation; consumption is almost entirely imported from the national grid, so the generation-based value is NOT representative of consumption - use the national/regional grid value instead."
India,Chhattisgarh,,806.01,2024,"lifecycle (IPCC AR5 median factors, gCO2e/kWh), generation-based, utility generation only (excludes captive)",0.9799,2024,0.0016,"1-(806.01/812.65)^(1/5); endpoints 2019=812.65, 2024=806.01 gCO2e/kWh. Ember India series starts 2019 (no earlier consistent state data).",estimated,"Ember, India electricity data (state-level yearly release)",https://files.ember-energy.org/public-downloads/india_yearly_full_release_long_format.csv,"Ember-reported CO2 intensity = CEA/NPP generation x IPCC AR5 lifecycle factors (coal 820, gas 490, other fossil 700, hydro 24, solar 48, wind 11, bio 230, nuclear 12). Modelled by Ember, not metered emissions. 2024 utility generation 167,859 GWh."
India,Dadra and Nagar Haveli and Daman and Diu,,129.0,2024,"lifecycle (IPCC AR5 median factors, gCO2e/kWh), generation-based, utility generation only (excludes captive)",,2024,-0.2184,"1-(129.0/48.05)^(1/5); endpoints 2019=48.05, 2024=129.0 gCO2e/kWh. Ember India series starts 2019 (no earlier consistent state data). Tiny generation base; trend not meaningful.",estimated,"Ember, India electricity data (state-level yearly release)",https://files.ember-energy.org/public-downloads/india_yearly_full_release_long_format.csv,"Ember-reported CO2 intensity = CEA/NPP generation x IPCC AR5 lifecycle factors (coal 820, gas 490, other fossil 700, hydro 24, solar 48, wind 11, bio 230, nuclear 12). Modelled by Ember, not metered emissions. 2024 utility generation 29 GWh. Tiny in-state generation; consumption is almost entirely imported from the national grid, so the generation-based value is NOT representative of consumption - use the national/regional grid value instead."
India,Delhi,,421.04,2024,"lifecycle (IPCC AR5 median factors, gCO2e/kWh), generation-based, utility generation only (excludes captive)",0.8465,2024,0.0177,"1-(421.04/460.29)^(1/5); endpoints 2019=460.29, 2024=421.04 gCO2e/kWh. Ember India series starts 2019 (no earlier consistent state data).",estimated,"Ember, India electricity data (state-level yearly release)",https://files.ember-energy.org/public-downloads/india_yearly_full_release_long_format.csv,"Ember-reported CO2 intensity = CEA/NPP generation x IPCC AR5 lifecycle factors (coal 820, gas 490, other fossil 700, hydro 24, solar 48, wind 11, bio 230, nuclear 12). Modelled by Ember, not metered emissions. 2024 utility generation 4,983 GWh."
India,Goa,,46.74,2024,"lifecycle (IPCC AR5 median factors, gCO2e/kWh), generation-based, utility generation only (excludes captive)",0.0,2024,0.0134,"1-(46.74/50.0)^(1/5); endpoints 2019=50.0, 2024=46.74 gCO2e/kWh. Ember India series starts 2019 (no earlier consistent state data). Tiny generation base; trend not meaningful.",estimated,"Ember, India electricity data (state-level yearly release)",https://files.ember-energy.org/public-downloads/india_yearly_full_release_long_format.csv,"Ember-reported CO2 intensity = CEA/NPP generation x IPCC AR5 lifecycle factors (coal 820, gas 490, other fossil 700, hydro 24, solar 48, wind 11, bio 230, nuclear 12). Modelled by Ember, not metered emissions. 2024 utility generation 65 GWh. Tiny in-state generation; consumption is almost entirely imported from the national grid, so the generation-based value is NOT representative of consumption - use the national/regional grid value instead."
India,Gujarat,,492.12,2024,"lifecycle (IPCC AR5 median factors, gCO2e/kWh), generation-based, utility generation only (excludes captive)",0.6148,2024,0.0485,"1-(492.12/631.08)^(1/5); endpoints 2019=631.08, 2024=492.12 gCO2e/kWh. Ember India series starts 2019 (no earlier consistent state data).",estimated,"Ember, India electricity data (state-level yearly release)",https://files.ember-energy.org/public-downloads/india_yearly_full_release_long_format.csv,"Ember-reported CO2 intensity = CEA/NPP generation x IPCC AR5 lifecycle factors (coal 820, gas 490, other fossil 700, hydro 24, solar 48, wind 11, bio 230, nuclear 12). Modelled by Ember, not metered emissions. 2024 utility generation 153,613 GWh."
India,Haryana,,769.88,2024,"lifecycle (IPCC AR5 median factors, gCO2e/kWh), generation-based, utility generation only (excludes captive)",0.9352,2024,0.0037,"1-(769.88/784.13)^(1/5); endpoints 2019=784.13, 2024=769.88 gCO2e/kWh. Ember India series starts 2019 (no earlier consistent state data).",estimated,"Ember, India electricity data (state-level yearly release)",https://files.ember-energy.org/public-downloads/india_yearly_full_release_long_format.csv,"Ember-reported CO2 intensity = CEA/NPP generation x IPCC AR5 lifecycle factors (coal 820, gas 490, other fossil 700, hydro 24, solar 48, wind 11, bio 230, nuclear 12). Modelled by Ember, not metered emissions. 2024 utility generation 32,457 GWh."
India,Himachal Pradesh,,24.05,2024,"lifecycle (IPCC AR5 median factors, gCO2e/kWh), generation-based, utility generation only (excludes captive)",0.0,2024,-0.0004,"1-(24.05/24.0)^(1/5); endpoints 2019=24.0, 2024=24.05 gCO2e/kWh. Ember India series starts 2019 (no earlier consistent state data). Near-zero change is an artefact of a fixed hydro factor; not a real trend signal.",estimated,"Ember, India electricity data (state-level yearly release)",https://files.ember-energy.org/public-downloads/india_yearly_full_release_long_format.csv,"Ember-reported CO2 intensity = CEA/NPP generation x IPCC AR5 lifecycle factors (coal 820, gas 490, other fossil 700, hydro 24, solar 48, wind 11, bio 230, nuclear 12). Modelled by Ember, not metered emissions. 2024 utility generation 42,842 GWh. Hydro-dominated generation (~24 g = IPCC hydro factor); state is a net exporter/also imports from the coal-heavy national grid at other times, so consumption-based CI is far higher."
India,Jammu and Kashmir,,24.0,2024,"lifecycle (IPCC AR5 median factors, gCO2e/kWh), generation-based, utility generation only (excludes captive)",0.0,2024,0.0,"1-(24.0/24.0)^(1/5); endpoints 2019=24.0, 2024=24.0 gCO2e/kWh. Ember India series starts 2019 (no earlier consistent state data). Near-zero change is an artefact of a fixed hydro factor; not a real trend signal.",estimated,"Ember, India electricity data (state-level yearly release)",https://files.ember-energy.org/public-downloads/india_yearly_full_release_long_format.csv,"Ember-reported CO2 intensity = CEA/NPP generation x IPCC AR5 lifecycle factors (coal 820, gas 490, other fossil 700, hydro 24, solar 48, wind 11, bio 230, nuclear 12). Modelled by Ember, not metered emissions. 2024 utility generation 15,941 GWh. Hydro-dominated generation (~24 g = IPCC hydro factor); state is a net exporter/also imports from the coal-heavy national grid at other times, so consumption-based CI is far higher."
India,Jharkhand,,814.58,2024,"lifecycle (IPCC AR5 median factors, gCO2e/kWh), generation-based, utility generation only (excludes captive)",0.9932,2024,0.0003,"1-(814.58/815.61)^(1/5); endpoints 2019=815.61, 2024=814.58 gCO2e/kWh. Ember India series starts 2019 (no earlier consistent state data).",estimated,"Ember, India electricity data (state-level yearly release)",https://files.ember-energy.org/public-downloads/india_yearly_full_release_long_format.csv,"Ember-reported CO2 intensity = CEA/NPP generation x IPCC AR5 lifecycle factors (coal 820, gas 490, other fossil 700, hydro 24, solar 48, wind 11, bio 230, nuclear 12). Modelled by Ember, not metered emissions. 2024 utility generation 39,252 GWh."
India,Karnataka,,394.41,2024,"lifecycle (IPCC AR5 median factors, gCO2e/kWh), generation-based, utility generation only (excludes captive)",0.4572,2024,-0.0477,"1-(394.41/312.37)^(1/5); endpoints 2019=312.37, 2024=394.41 gCO2e/kWh. Ember India series starts 2019 (no earlier consistent state data).",estimated,"Ember, India electricity data (state-level yearly release)",https://files.ember-energy.org/public-downloads/india_yearly_full_release_long_format.csv,"Ember-reported CO2 intensity = CEA/NPP generation x IPCC AR5 lifecycle factors (coal 820, gas 490, other fossil 700, hydro 24, solar 48, wind 11, bio 230, nuclear 12). Modelled by Ember, not metered emissions. 2024 utility generation 95,775 GWh."
India,Kerala,,28.92,2024,"lifecycle (IPCC AR5 median factors, gCO2e/kWh), generation-based, utility generation only (excludes captive)",0.0002,2024,-0.0194,"1-(28.92/26.27)^(1/5); endpoints 2019=26.27, 2024=28.92 gCO2e/kWh. Ember India series starts 2019 (no earlier consistent state data). Near-zero change is an artefact of a fixed hydro factor; not a real trend signal.",estimated,"Ember, India electricity data (state-level yearly release)",https://files.ember-energy.org/public-downloads/india_yearly_full_release_long_format.csv,"Ember-reported CO2 intensity = CEA/NPP generation x IPCC AR5 lifecycle factors (coal 820, gas 490, other fossil 700, hydro 24, solar 48, wind 11, bio 230, nuclear 12). Modelled by Ember, not metered emissions. 2024 utility generation 9,253 GWh. Hydro-dominated generation (~24 g = IPCC hydro factor); state is a net exporter/also imports from the coal-heavy national grid at other times, so consumption-based CI is far higher."
India,Ladakh,,24.0,2024,"lifecycle (IPCC AR5 median factors, gCO2e/kWh), generation-based, utility generation only (excludes captive)",0.0,2024,0.0,"1-(24.0/24.0)^(1/3); endpoints 2021=24.0, 2024=24.0 gCO2e/kWh. Ember India series starts 2019 (no earlier consistent state data). Ladakh reported jointly with J&K until Jul-2021; span 2021-2024. Near-zero change is an artefact of a fixed hydro factor; not a real trend signal.",estimated,"Ember, India electricity data (state-level yearly release)",https://files.ember-energy.org/public-downloads/india_yearly_full_release_long_format.csv,"Ember-reported CO2 intensity = CEA/NPP generation x IPCC AR5 lifecycle factors (coal 820, gas 490, other fossil 700, hydro 24, solar 48, wind 11, bio 230, nuclear 12). Modelled by Ember, not metered emissions. 2024 utility generation 415 GWh. Hydro-dominated generation (~24 g = IPCC hydro factor); state is a net exporter/also imports from the coal-heavy national grid at other times, so consumption-based CI is far higher."
India,Lakshadweep,,818.84,2024,"lifecycle (IPCC AR5 median factors, gCO2e/kWh), generation-based, utility generation only (excludes captive)",0.9986,2024,,"Not computed: 2019 value (46 g, 0.65 GWh) reflects near-absent coverage of diesel generation, 2024 = 819 g on 67 GWh; the jump is a coverage artefact, not a trend.",estimated,"Ember, India electricity data (state-level yearly release)",https://files.ember-energy.org/public-downloads/india_yearly_full_release_long_format.csv,"Ember-reported CO2 intensity = CEA/NPP generation x IPCC AR5 lifecycle factors (coal 820, gas 490, other fossil 700, hydro 24, solar 48, wind 11, bio 230, nuclear 12). Modelled by Ember, not metered emissions. 2024 utility generation 67 GWh. Tiny in-state generation; consumption is almost entirely imported from the national grid, so the generation-based value is NOT representative of consumption - use the national/regional grid value instead."
India,Madhya Pradesh,,729.91,2024,"lifecycle (IPCC AR5 median factors, gCO2e/kWh), generation-based, utility generation only (excludes captive)",0.8859,2024,0.0012,"1-(729.91/734.16)^(1/5); endpoints 2019=734.16, 2024=729.91 gCO2e/kWh. Ember India series starts 2019 (no earlier consistent state data).",estimated,"Ember, India electricity data (state-level yearly release)",https://files.ember-energy.org/public-downloads/india_yearly_full_release_long_format.csv,"Ember-reported CO2 intensity = CEA/NPP generation x IPCC AR5 lifecycle factors (coal 820, gas 490, other fossil 700, hydro 24, solar 48, wind 11, bio 230, nuclear 12). Modelled by Ember, not metered emissions. 2024 utility generation 165,156 GWh."
India,Maharashtra,,658.97,2024,"lifecycle (IPCC AR5 median factors, gCO2e/kWh), generation-based, utility generation only (excludes captive)",0.8065,2024,-0.0076,"1-(658.97/634.37)^(1/5); endpoints 2019=634.37, 2024=658.97 gCO2e/kWh. Ember India series starts 2019 (no earlier consistent state data).",estimated,"Ember, India electricity data (state-level yearly release)",https://files.ember-energy.org/public-downloads/india_yearly_full_release_long_format.csv,"Ember-reported CO2 intensity = CEA/NPP generation x IPCC AR5 lifecycle factors (coal 820, gas 490, other fossil 700, hydro 24, solar 48, wind 11, bio 230, nuclear 12). Modelled by Ember, not metered emissions. 2024 utility generation 170,997 GWh."
India,Manipur,,24.32,2024,"lifecycle (IPCC AR5 median factors, gCO2e/kWh), generation-based, utility generation only (excludes captive)",0.0,2024,-0.0012,"1-(24.32/24.17)^(1/5); endpoints 2019=24.17, 2024=24.32 gCO2e/kWh. Ember India series starts 2019 (no earlier consistent state data). Near-zero change is an artefact of a fixed hydro factor; not a real trend signal.",estimated,"Ember, India electricity data (state-level yearly release)",https://files.ember-energy.org/public-downloads/india_yearly_full_release_long_format.csv,"Ember-reported CO2 intensity = CEA/NPP generation x IPCC AR5 lifecycle factors (coal 820, gas 490, other fossil 700, hydro 24, solar 48, wind 11, bio 230, nuclear 12). Modelled by Ember, not metered emissions. 2024 utility generation 639 GWh. Hydro-dominated generation (~24 g = IPCC hydro factor); state is a net exporter/also imports from the coal-heavy national grid at other times, so consumption-based CI is far higher."
India,Meghalaya,,24.0,2024,"lifecycle (IPCC AR5 median factors, gCO2e/kWh), generation-based, utility generation only (excludes captive)",0.0,2024,0.0,"1-(24.0/24.0)^(1/5); endpoints 2019=24.0, 2024=24.0 gCO2e/kWh. Ember India series starts 2019 (no earlier consistent state data). Near-zero change is an artefact of a fixed hydro factor; not a real trend signal.",estimated,"Ember, India electricity data (state-level yearly release)",https://files.ember-energy.org/public-downloads/india_yearly_full_release_long_format.csv,"Ember-reported CO2 intensity = CEA/NPP generation x IPCC AR5 lifecycle factors (coal 820, gas 490, other fossil 700, hydro 24, solar 48, wind 11, bio 230, nuclear 12). Modelled by Ember, not metered emissions. 2024 utility generation 1,020 GWh. Hydro-dominated generation (~24 g = IPCC hydro factor); state is a net exporter/also imports from the coal-heavy national grid at other times, so consumption-based CI is far higher."
India,Mizoram,,25.22,2024,"lifecycle (IPCC AR5 median factors, gCO2e/kWh), generation-based, utility generation only (excludes captive)",0.0,2024,-0.0096,"1-(25.22/24.04)^(1/5); endpoints 2019=24.04, 2024=25.22 gCO2e/kWh. Ember India series starts 2019 (no earlier consistent state data). Near-zero change is an artefact of a fixed hydro factor; not a real trend signal.",estimated,"Ember, India electricity data (state-level yearly release)",https://files.ember-energy.org/public-downloads/india_yearly_full_release_long_format.csv,"Ember-reported CO2 intensity = CEA/NPP generation x IPCC AR5 lifecycle factors (coal 820, gas 490, other fossil 700, hydro 24, solar 48, wind 11, bio 230, nuclear 12). Modelled by Ember, not metered emissions. 2024 utility generation 341 GWh. Hydro-dominated generation (~24 g = IPCC hydro factor); state is a net exporter/also imports from the coal-heavy national grid at other times, so consumption-based CI is far higher."
India,Nagaland,,23.99,2024,"lifecycle (IPCC AR5 median factors, gCO2e/kWh), generation-based, utility generation only (excludes captive)",0.0,2024,0.0,"1-(23.99/23.99)^(1/5); endpoints 2019=23.99, 2024=23.99 gCO2e/kWh. Ember India series starts 2019 (no earlier consistent state data). Near-zero change is an artefact of a fixed hydro factor; not a real trend signal.",estimated,"Ember, India electricity data (state-level yearly release)",https://files.ember-energy.org/public-downloads/india_yearly_full_release_long_format.csv,"Ember-reported CO2 intensity = CEA/NPP generation x IPCC AR5 lifecycle factors (coal 820, gas 490, other fossil 700, hydro 24, solar 48, wind 11, bio 230, nuclear 12). Modelled by Ember, not metered emissions. 2024 utility generation 314 GWh. Hydro-dominated generation (~24 g = IPCC hydro factor); state is a net exporter/also imports from the coal-heavy national grid at other times, so consumption-based CI is far higher."
India,Odisha,,739.71,2024,"lifecycle (IPCC AR5 median factors, gCO2e/kWh), generation-based, utility generation only (excludes captive)",0.8986,2024,-0.0125,"1-(739.71/695.14)^(1/5); endpoints 2019=695.14, 2024=739.71 gCO2e/kWh. Ember India series starts 2019 (no earlier consistent state data).",estimated,"Ember, India electricity data (state-level yearly release)",https://files.ember-energy.org/public-downloads/india_yearly_full_release_long_format.csv,"Ember-reported CO2 intensity = CEA/NPP generation x IPCC AR5 lifecycle factors (coal 820, gas 490, other fossil 700, hydro 24, solar 48, wind 11, bio 230, nuclear 12). Modelled by Ember, not metered emissions. 2024 utility generation 75,821 GWh."
India,Puducherry,,465.07,2024,"lifecycle (IPCC AR5 median factors, gCO2e/kWh), generation-based, utility generation only (excludes captive)",0.9435,2024,0.0076,"1-(465.07/483.17)^(1/5); endpoints 2019=483.17, 2024=465.07 gCO2e/kWh. Ember India series starts 2019 (no earlier consistent state data).",estimated,"Ember, India electricity data (state-level yearly release)",https://files.ember-energy.org/public-downloads/india_yearly_full_release_long_format.csv,"Ember-reported CO2 intensity = CEA/NPP generation x IPCC AR5 lifecycle factors (coal 820, gas 490, other fossil 700, hydro 24, solar 48, wind 11, bio 230, nuclear 12). Modelled by Ember, not metered emissions. 2024 utility generation 217 GWh."
India,Punjab,,685.13,2024,"lifecycle (IPCC AR5 median factors, gCO2e/kWh), generation-based, utility generation only (excludes captive)",0.8234,2024,-0.018,"1-(685.13/626.65)^(1/5); endpoints 2019=626.65, 2024=685.13 gCO2e/kWh. Ember India series starts 2019 (no earlier consistent state data).",estimated,"Ember, India electricity data (state-level yearly release)",https://files.ember-energy.org/public-downloads/india_yearly_full_release_long_format.csv,"Ember-reported CO2 intensity = CEA/NPP generation x IPCC AR5 lifecycle factors (coal 820, gas 490, other fossil 700, hydro 24, solar 48, wind 11, bio 230, nuclear 12). Modelled by Ember, not metered emissions. 2024 utility generation 41,114 GWh."
India,Rajasthan,,437.99,2024,"lifecycle (IPCC AR5 median factors, gCO2e/kWh), generation-based, utility generation only (excludes captive)",0.5131,2024,0.0484,"1-(437.99/561.21)^(1/5); endpoints 2019=561.21, 2024=437.99 gCO2e/kWh. Ember India series starts 2019 (no earlier consistent state data).",estimated,"Ember, India electricity data (state-level yearly release)",https://files.ember-energy.org/public-downloads/india_yearly_full_release_long_format.csv,"Ember-reported CO2 intensity = CEA/NPP generation x IPCC AR5 lifecycle factors (coal 820, gas 490, other fossil 700, hydro 24, solar 48, wind 11, bio 230, nuclear 12). Modelled by Ember, not metered emissions. 2024 utility generation 127,371 GWh."
India,Sikkim,,24.0,2024,"lifecycle (IPCC AR5 median factors, gCO2e/kWh), generation-based, utility generation only (excludes captive)",0.0,2024,0.0,"1-(24.0/24.0)^(1/5); endpoints 2019=24.0, 2024=24.0 gCO2e/kWh. Ember India series starts 2019 (no earlier consistent state data). Near-zero change is an artefact of a fixed hydro factor; not a real trend signal.",estimated,"Ember, India electricity data (state-level yearly release)",https://files.ember-energy.org/public-downloads/india_yearly_full_release_long_format.csv,"Ember-reported CO2 intensity = CEA/NPP generation x IPCC AR5 lifecycle factors (coal 820, gas 490, other fossil 700, hydro 24, solar 48, wind 11, bio 230, nuclear 12). Modelled by Ember, not metered emissions. 2024 utility generation 1,988 GWh. Hydro-dominated generation (~24 g = IPCC hydro factor); state is a net exporter/also imports from the coal-heavy national grid at other times, so consumption-based CI is far higher. Generation fell from 11,099 GWh (2019) to 1,988 GWh (2024), consistent with loss of the Teesta-III plant in the Oct-2023 flood."
India,Tamil Nadu,,493.19,2024,"lifecycle (IPCC AR5 median factors, gCO2e/kWh), generation-based, utility generation only (excludes captive)",0.5947,2024,0.0154,"1-(493.19/533.01)^(1/5); endpoints 2019=533.01, 2024=493.19 gCO2e/kWh. Ember India series starts 2019 (no earlier consistent state data).",estimated,"Ember, India electricity data (state-level yearly release)",https://files.ember-energy.org/public-downloads/india_yearly_full_release_long_format.csv,"Ember-reported CO2 intensity = CEA/NPP generation x IPCC AR5 lifecycle factors (coal 820, gas 490, other fossil 700, hydro 24, solar 48, wind 11, bio 230, nuclear 12). Modelled by Ember, not metered emissions. 2024 utility generation 129,682 GWh."
India,Telangana,,679.88,2024,"lifecycle (IPCC AR5 median factors, gCO2e/kWh), generation-based, utility generation only (excludes captive)",0.8207,2024,-0.0012,"1-(679.88/675.91)^(1/5); endpoints 2019=675.91, 2024=679.88 gCO2e/kWh. Ember India series starts 2019 (no earlier consistent state data).",estimated,"Ember, India electricity data (state-level yearly release)",https://files.ember-energy.org/public-downloads/india_yearly_full_release_long_format.csv,"Ember-reported CO2 intensity = CEA/NPP generation x IPCC AR5 lifecycle factors (coal 820, gas 490, other fossil 700, hydro 24, solar 48, wind 11, bio 230, nuclear 12). Modelled by Ember, not metered emissions. 2024 utility generation 69,770 GWh."
India,Tripura,,489.5,2024,"lifecycle (IPCC AR5 median factors, gCO2e/kWh), generation-based, utility generation only (excludes captive)",0.9989,2024,-0.0008,"1-(489.5/487.65)^(1/5); endpoints 2019=487.65, 2024=489.5 gCO2e/kWh. Ember India series starts 2019 (no earlier consistent state data).",estimated,"Ember, India electricity data (state-level yearly release)",https://files.ember-energy.org/public-downloads/india_yearly_full_release_long_format.csv,"Ember-reported CO2 intensity = CEA/NPP generation x IPCC AR5 lifecycle factors (coal 820, gas 490, other fossil 700, hydro 24, solar 48, wind 11, bio 230, nuclear 12). Modelled by Ember, not metered emissions. 2024 utility generation 5,226 GWh."
India,Uttar Pradesh,,764.86,2024,"lifecycle (IPCC AR5 median factors, gCO2e/kWh), generation-based, utility generation only (excludes captive)",0.9293,2024,-0.0012,"1-(764.86/760.31)^(1/5); endpoints 2019=760.31, 2024=764.86 gCO2e/kWh. Ember India series starts 2019 (no earlier consistent state data).",estimated,"Ember, India electricity data (state-level yearly release)",https://files.ember-energy.org/public-downloads/india_yearly_full_release_long_format.csv,"Ember-reported CO2 intensity = CEA/NPP generation x IPCC AR5 lifecycle factors (coal 820, gas 490, other fossil 700, hydro 24, solar 48, wind 11, bio 230, nuclear 12). Modelled by Ember, not metered emissions. 2024 utility generation 172,205 GWh."
India,Uttarakhand,,57.63,2024,"lifecycle (IPCC AR5 median factors, gCO2e/kWh), generation-based, utility generation only (excludes captive)",0.0646,2024,0.0523,"1-(57.63/75.39)^(1/5); endpoints 2019=75.39, 2024=57.63 gCO2e/kWh. Ember India series starts 2019 (no earlier consistent state data).",estimated,"Ember, India electricity data (state-level yearly release)",https://files.ember-energy.org/public-downloads/india_yearly_full_release_long_format.csv,"Ember-reported CO2 intensity = CEA/NPP generation x IPCC AR5 lifecycle factors (coal 820, gas 490, other fossil 700, hydro 24, solar 48, wind 11, bio 230, nuclear 12). Modelled by Ember, not metered emissions. 2024 utility generation 16,893 GWh. Hydro-dominated generation (~24 g = IPCC hydro factor); state is a net exporter/also imports from the coal-heavy national grid at other times, so consumption-based CI is far higher."
India,West Bengal,,782.95,2024,"lifecycle (IPCC AR5 median factors, gCO2e/kWh), generation-based, utility generation only (excludes captive)",0.9531,2024,-0.0012,"1-(782.95/778.22)^(1/5); endpoints 2019=778.22, 2024=782.95 gCO2e/kWh. Ember India series starts 2019 (no earlier consistent state data).",estimated,"Ember, India electricity data (state-level yearly release)",https://files.ember-energy.org/public-downloads/india_yearly_full_release_long_format.csv,"Ember-reported CO2 intensity = CEA/NPP generation x IPCC AR5 lifecycle factors (coal 820, gas 490, other fossil 700, hydro 24, solar 48, wind 11, bio 230, nuclear 12). Modelled by Ember, not metered emissions. 2024 utility generation 97,154 GWh."
Australia,NSW,,594.9,2023,"direct (scope 1 combustion, tCO2e per generator from OpenElectricity/NGER-based factors), generation-based, incl. rooftop solar in denominator",0.6595,2023,0.0401,"1-(594.9/825.1)^(1/8); endpoints 2015=825.1, 2023=594.9 g/kWh.",measured,"OpenElectricity (formerly OpenNEM) v3 static stats, monthly energy & emissions by fuel tech, summed to calendar year",https://data.opennem.org.au/v3/stats/au/NEM/NSW1/energy/all.json,"40,575,659 tCO2e / 68,209.8 GWh = 594.9 g/kWh. Excludes battery charge/discharge, pumped-hydro pumping and interconnector flows from generation. Cross-checks: excl. rooftop 670.3 g; consumption-based (gen + interconnector imports - exports, OpenElectricity flow emissions) 606.1 g; NGA 2025 location-based Scope 2 factor 640 g (consumption-based, direct)."
Australia,QLD,,654.5,2023,"direct (scope 1 combustion, tCO2e per generator from OpenElectricity/NGER-based factors), generation-based, incl. rooftop solar in denominator",0.7309,2023,0.0269,"1-(654.5/814.2)^(1/8); endpoints 2015=814.2, 2023=654.5 g/kWh.",measured,"OpenElectricity (formerly OpenNEM) v3 static stats, monthly energy & emissions by fuel tech, summed to calendar year",https://data.opennem.org.au/v3/stats/au/NEM/QLD1/energy/all.json,"42,713,107 tCO2e / 65,261.2 GWh = 654.5 g/kWh. Excludes battery charge/discharge, pumped-hydro pumping and interconnector flows from generation. Cross-checks: excl. rooftop 741.1 g; consumption-based (gen + interconnector imports - exports, OpenElectricity flow emissions) 654.5 g; NGA 2025 location-based Scope 2 factor 670 g (consumption-based, direct)."
Australia,VIC,,734.5,2023,"direct (scope 1 combustion, tCO2e per generator from OpenElectricity/NGER-based factors), generation-based, incl. rooftop solar in denominator",0.6212,2023,0.0507,"1-(734.5/1113.8)^(1/8); endpoints 2015=1113.8, 2023=734.5 g/kWh.",measured,"OpenElectricity (formerly OpenNEM) v3 static stats, monthly energy & emissions by fuel tech, summed to calendar year",https://data.opennem.org.au/v3/stats/au/NEM/VIC1/energy/all.json,"38,215,156 tCO2e / 52,028.6 GWh = 734.5 g/kWh. Excludes battery charge/discharge, pumped-hydro pumping and interconnector flows from generation. Cross-checks: excl. rooftop 806.4 g; consumption-based (gen + interconnector imports - exports, OpenElectricity flow emissions) 698.7 g; NGA 2025 location-based Scope 2 factor 780 g (consumption-based, direct)."
Australia,SA,,143.4,2023,"direct (scope 1 combustion, tCO2e per generator from OpenElectricity/NGER-based factors), generation-based, incl. rooftop solar in denominator",0.2402,2023,0.1413,"1-(143.4/485.1)^(1/8); endpoints 2015=485.1, 2023=143.4 g/kWh.",measured,"OpenElectricity (formerly OpenNEM) v3 static stats, monthly energy & emissions by fuel tech, summed to calendar year",https://data.opennem.org.au/v3/stats/au/NEM/SA1/energy/all.json,"1,887,048 tCO2e / 13,155.0 GWh = 143.4 g/kWh. Excludes battery charge/discharge, pumped-hydro pumping and interconnector flows from generation. Cross-checks: excl. rooftop 183.4 g; consumption-based (gen + interconnector imports - exports, OpenElectricity flow emissions) 225.8 g; NGA 2025 location-based Scope 2 factor 220 g (consumption-based, direct)."
Australia,TAS,,4.1,2023,"direct (scope 1 combustion, tCO2e per generator from OpenElectricity/NGER-based factors), generation-based, incl. rooftop solar in denominator",0.0062,2023,,"Not meaningful: generation-based CI is near zero and dominated by year-to-year gas backup (2015=1.1, 2019=30.9, 2023=4.1); formula would give -0.1788 over 2015-2023 (i.e. CI rose). Consumption-based CI 2015=229.7 -> 2023=124.4 (Basslink outage in 2015-16 distorts start).",measured,"OpenElectricity (formerly OpenNEM) v3 static stats, monthly energy & emissions by fuel tech, summed to calendar year",https://data.opennem.org.au/v3/stats/au/NEM/TAS1/energy/all.json,"42,902 tCO2e / 10,444.4 GWh = 4.1 g/kWh. Excludes battery charge/discharge, pumped-hydro pumping and interconnector flows from generation. Cross-checks: excl. rooftop 4.2 g; consumption-based (gen + interconnector imports - exports, OpenElectricity flow emissions) 124.4 g; NGA 2025 location-based Scope 2 factor 200 g (consumption-based, direct). TAS generation is ~99% hydro+wind; CI swings with gas backup use (e.g. 2015=1.1, 2016=52.6, 2024 Jan-Nov=34.8). Consumers import coal-heavy VIC power via Basslink, so for USE the consumption-based ~124 g or NGA 200 g is far more representative."
Australia,WA-SWIS,,473.7,2023,"direct (scope 1 combustion, tCO2e per generator from OpenElectricity/NGER-based factors), generation-based, incl. rooftop solar in denominator",0.6492,2023,0.045,"1-(473.7/684.4)^(1/8); endpoints 2015=684.4, 2023=473.7 g/kWh. Previously known WA value (473 g, 64.9% fossil) reproduced by this same method (473.7 g, 0.6492).",measured,"OpenElectricity (formerly OpenNEM) v3 static stats, monthly energy & emissions by fuel tech, summed to calendar year",https://data.opennem.org.au/v3/stats/au/WEM/energy/all.json,"9,984,171 tCO2e / 21,077.1 GWh = 473.7 g/kWh. Excludes battery charge/discharge, pumped-hydro pumping and interconnector flows from generation. Cross-check: NGA 2025 Scope 2 factor for SWIS 500 g (excl. rooftop basis; our excl-rooftop value 571.6 g)."
Australia,NT,,560,2025,"direct Scope 2 location-based factor (consumption of grid electricity, Darwin-Katherine Interconnected System, DKIS)",,,,No consistent historical NT series retrieved (older NGA editions not accessible - DCCEEW site timed out).,measured,"Australian National Greenhouse Accounts Factors 2025 (DCCEEW), Table 1 - value read via secondary reproductions (carbonly.ai, emisso.app); DCCEEW site timed out",https://www.dcceew.gov.au/climate-change/publications/national-greenhouse-accounts-factors-2025,"0.56 kg CO2-e/kWh; NGA edition 2025 (underlying data year believed FY2023-24, not verified). OpenElectricity does not cover NT. Basis differs from NEM/WA values (consumption, excl. rooftop). Applies to DKIS only; Alice Springs/Tennant Creek are separate isolated systems."

CAVEATS
,"Bases differ by country: US and India = Ember lifecycle, generation-based; China = MEE direct CO2, consumption-based (includes imports); Australia = OpenElectricity direct, generation-based."
,"Generation-based values mislead for importing regions: Tasmania shows 4 g but consumed electricity is ~124-200 g; India hydro states (~24 g) and small importers (Delhi, Goa, Chandigarh) draw on the ~620-710 g national grid."
,India coal states may be 15-25% low (Ember applies a generic coal factor; CEA measured all-India direct average is 710 g).
,"China decarb rate uses only 2021-2023 and swings with hydro years and trade; indicative only. China fossil share is 2024 above-scale generation (excludes most rooftop solar, includes biomass) so it runs high. Tibet has no official factor."
,Pacific NW / hydro US states can show negative decarb rates from hydro-year noise.
